"Fitness", "Individual", "Variable", "Value"
11.936691422755423, 0, Population, 2050
11.936691422755423, 0, Renovation Cycle, 2089
11.936691422755423, 0, Energy Intensity, 2081
11.936691422755423, 0, Typesplit and Splitshare, 2078
11.936691422755423, 0, Dwelling, 2069
11.312460726919154, 1, Population, 2048
11.312460726919154, 1, Renovation Cycle, 2067
11.312460726919154, 1, Energy Intensity, 2052
11.312460726919154, 1, Typesplit and Splitshare, 2065
11.312460726919154, 1, Dwelling, 2081
10.344445148840192, 2, Population, 2084
10.344445148840192, 2, Renovation Cycle, 2025
10.344445148840192, 2, Energy Intensity, 2051
10.344445148840192, 2, Typesplit and Splitshare, 2042
10.344445148840192, 2, Dwelling, 2085
8.612245653723916, 3, Population, 2079
8.612245653723916, 3, Renovation Cycle, 2074
8.612245653723916, 3, Energy Intensity, 2094
8.612245653723916, 3, Typesplit and Splitshare, 2072
8.612245653723916, 3, Dwelling, 2026
5.1451937182954595, 4, Population, 2029
5.1451937182954595, 4, Renovation Cycle, 2042
5.1451937182954595, 4, Energy Intensity, 2080
5.1451937182954595, 4, Typesplit and Splitshare, 2058
5.1451937182954595, 4, Dwelling, 2071
4.8556374893705705, 5, Population, 2050
4.8556374893705705, 5, Renovation Cycle, 2056
4.8556374893705705, 5, Energy Intensity, 2076
4.8556374893705705, 5, Typesplit and Splitshare, 2092
4.8556374893705705, 5, Dwelling, 2075
3.7026989454795207, 6, Population, 2053
3.7026989454795207, 6, Renovation Cycle, 2051
3.7026989454795207, 6, Energy Intensity, 2089
3.7026989454795207, 6, Typesplit and Splitshare, 2091
3.7026989454795207, 6, Dwelling, 2051
2.7706109069711733, 7, Population, 2057
2.7706109069711733, 7, Renovation Cycle, 2091
2.7706109069711733, 7, Energy Intensity, 2063
2.7706109069711733, 7, Typesplit and Splitshare, 2073
2.7706109069711733, 7, Dwelling, 2069
2.668620711811148, 8, Population, 2050
2.668620711811148, 8, Renovation Cycle, 2093
2.668620711811148, 8, Energy Intensity, 2098
2.668620711811148, 8, Typesplit and Splitshare, 2092
2.668620711811148, 8, Dwelling, 2084
2.4679804220443473, 9, Population, 2041
2.4679804220443473, 9, Renovation Cycle, 2064
2.4679804220443473, 9, Energy Intensity, 2031
2.4679804220443473, 9, Typesplit and Splitshare, 2066
2.4679804220443473, 9, Dwelling, 2057
2.362237563289952, 10, Population, 2053
2.362237563289952, 10, Renovation Cycle, 2035
2.362237563289952, 10, Energy Intensity, 2081
2.362237563289952, 10, Typesplit and Splitshare, 2035
2.362237563289952, 10, Dwelling, 2032
2.3476924968386905, 11, Population, 2040
2.3476924968386905, 11, Renovation Cycle, 2068
2.3476924968386905, 11, Energy Intensity, 2047
2.3476924968386905, 11, Typesplit and Splitshare, 2059
2.3476924968386905, 11, Dwelling, 2058
2.3202713828575767, 12, Population, 2065
2.3202713828575767, 12, Renovation Cycle, 2040
2.3202713828575767, 12, Energy Intensity, 2051
2.3202713828575767, 12, Typesplit and Splitshare, 2073
2.3202713828575767, 12, Dwelling, 2054
2.252944613697365, 13, Population, 2080
2.252944613697365, 13, Renovation Cycle, 2084
2.252944613697365, 13, Energy Intensity, 2059
2.252944613697365, 13, Typesplit and Splitshare, 2033
2.252944613697365, 13, Dwelling, 2038
2.212027780323387, 14, Population, 2039
2.212027780323387, 14, Renovation Cycle, 2076
2.212027780323387, 14, Energy Intensity, 2033
2.212027780323387, 14, Typesplit and Splitshare, 2062
2.212027780323387, 14, Dwelling, 2083
2.079752619224089, 15, Population, 2034
2.079752619224089, 15, Renovation Cycle, 2064
2.079752619224089, 15, Energy Intensity, 2070
2.079752619224089, 15, Typesplit and Splitshare, 2060
2.079752619224089, 15, Dwelling, 2041
2.074679440596031, 16, Population, 2038
2.074679440596031, 16, Renovation Cycle, 2067
2.074679440596031, 16, Energy Intensity, 2058
2.074679440596031, 16, Typesplit and Splitshare, 2049
2.074679440596031, 16, Dwelling, 2044
2.0745298821996654, 17, Population, 2025
2.0745298821996654, 17, Renovation Cycle, 2088
2.0745298821996654, 17, Energy Intensity, 2052
2.0745298821996654, 17, Typesplit and Splitshare, 2037
2.0745298821996654, 17, Dwelling, 2056
1.9580208817897509, 18, Population, 2081
1.9580208817897509, 18, Renovation Cycle, 2057
1.9580208817897509, 18, Energy Intensity, 2066
1.9580208817897509, 18, Typesplit and Splitshare, 2026
1.9580208817897509, 18, Dwelling, 2079
1.8935492995180823, 19, Population, 2091
1.8935492995180823, 19, Renovation Cycle, 2082
1.8935492995180823, 19, Energy Intensity, 2077
1.8935492995180823, 19, Typesplit and Splitshare, 2075
1.8935492995180823, 19, Dwelling, 2044
1.8699913485471316, 20, Population, 2050
1.8699913485471316, 20, Renovation Cycle, 2037
1.8699913485471316, 20, Energy Intensity, 2077
1.8699913485471316, 20, Typesplit and Splitshare, 2094
1.8699913485471316, 20, Dwelling, 2027
1.651761125999132, 21, Population, 2096
1.651761125999132, 21, Renovation Cycle, 2063
1.651761125999132, 21, Energy Intensity, 2058
1.651761125999132, 21, Typesplit and Splitshare, 2056
1.651761125999132, 21, Dwelling, 2069
1.5936045431637735, 22, Population, 2081
1.5936045431637735, 22, Renovation Cycle, 2048
1.5936045431637735, 22, Energy Intensity, 2047
1.5936045431637735, 22, Typesplit and Splitshare, 2095
1.5936045431637735, 22, Dwelling, 2047
1.4890294413508787, 23, Population, 2086
1.4890294413508787, 23, Renovation Cycle, 2039
1.4890294413508787, 23, Energy Intensity, 2062
1.4890294413508787, 23, Typesplit and Splitshare, 2059
1.4890294413508787, 23, Dwelling, 2059
1.3819282556040646, 24, Population, 2074
1.3819282556040646, 24, Renovation Cycle, 2078
1.3819282556040646, 24, Energy Intensity, 2025
1.3819282556040646, 24, Typesplit and Splitshare, 2090
1.3819282556040646, 24, Dwelling, 2099
1.3563849464222069, 25, Population, 2079
1.3563849464222069, 25, Renovation Cycle, 2075
1.3563849464222069, 25, Energy Intensity, 2030
1.3563849464222069, 25, Typesplit and Splitshare, 2074
1.3563849464222069, 25, Dwelling, 2080
1.344539878864002, 26, Population, 2081
1.344539878864002, 26, Renovation Cycle, 2093
1.344539878864002, 26, Energy Intensity, 2036
1.344539878864002, 26, Typesplit and Splitshare, 2045
1.344539878864002, 26, Dwelling, 2050
1.3174486332123219, 27, Population, 2064
1.3174486332123219, 27, Renovation Cycle, 2088
1.3174486332123219, 27, Energy Intensity, 2045
1.3174486332123219, 27, Typesplit and Splitshare, 2065
1.3174486332123219, 27, Dwelling, 2054
1.296712539916665, 28, Population, 2070
1.296712539916665, 28, Renovation Cycle, 2043
1.296712539916665, 28, Energy Intensity, 2088
1.296712539916665, 28, Typesplit and Splitshare, 2035
1.296712539916665, 28, Dwelling, 2092
1.2897955944857595, 29, Population, 2039
1.2897955944857595, 29, Renovation Cycle, 2070
1.2897955944857595, 29, Energy Intensity, 2025
1.2897955944857595, 29, Typesplit and Splitshare, 2086
1.2897955944857595, 29, Dwelling, 2044
1.2774276326329965, 30, Population, 2035
1.2774276326329965, 30, Renovation Cycle, 2088
1.2774276326329965, 30, Energy Intensity, 2032
1.2774276326329965, 30, Typesplit and Splitshare, 2059
1.2774276326329965, 30, Dwelling, 2080
1.2717450627890898, 31, Population, 2075
1.2717450627890898, 31, Renovation Cycle, 2096
1.2717450627890898, 31, Energy Intensity, 2041
1.2717450627890898, 31, Typesplit and Splitshare, 2074
1.2717450627890898, 31, Dwelling, 2085
1.2223053180350574, 32, Population, 2086
1.2223053180350574, 32, Renovation Cycle, 2049
1.2223053180350574, 32, Energy Intensity, 2065
1.2223053180350574, 32, Typesplit and Splitshare, 2054
1.2223053180350574, 32, Dwelling, 2027
1.205995147879825, 33, Population, 2059
1.205995147879825, 33, Renovation Cycle, 2028
1.205995147879825, 33, Energy Intensity, 2089
1.205995147879825, 33, Typesplit and Splitshare, 2029
1.205995147879825, 33, Dwelling, 2091
1.184085974640744, 34, Population, 2057
1.184085974640744, 34, Renovation Cycle, 2081
1.184085974640744, 34, Energy Intensity, 2044
1.184085974640744, 34, Typesplit and Splitshare, 2030
1.184085974640744, 34, Dwelling, 2091
1.1368766829132855, 35, Population, 2035
1.1368766829132855, 35, Renovation Cycle, 2078
1.1368766829132855, 35, Energy Intensity, 2035
1.1368766829132855, 35, Typesplit and Splitshare, 2087
1.1368766829132855, 35, Dwelling, 2087
1.0972019374218813, 36, Population, 2049
1.0972019374218813, 36, Renovation Cycle, 2072
1.0972019374218813, 36, Energy Intensity, 2031
1.0972019374218813, 36, Typesplit and Splitshare, 2090
1.0972019374218813, 36, Dwelling, 2050
1.091003506619191, 37, Population, 2086
1.091003506619191, 37, Renovation Cycle, 2073
1.091003506619191, 37, Energy Intensity, 2038
1.091003506619191, 37, Typesplit and Splitshare, 2081
1.091003506619191, 37, Dwelling, 2041
1.0542093293221113, 38, Population, 2074
1.0542093293221113, 38, Renovation Cycle, 2055
1.0542093293221113, 38, Energy Intensity, 2067
1.0542093293221113, 38, Typesplit and Splitshare, 2090
1.0542093293221113, 38, Dwelling, 2088
1.0323478960398296, 39, Population, 2086
1.0323478960398296, 39, Renovation Cycle, 2096
1.0323478960398296, 39, Energy Intensity, 2056
1.0323478960398296, 39, Typesplit and Splitshare, 2072
1.0323478960398296, 39, Dwelling, 2038
1.0042922850311915, 40, Population, 2037
1.0042922850311915, 40, Renovation Cycle, 2062
1.0042922850311915, 40, Energy Intensity, 2070
1.0042922850311915, 40, Typesplit and Splitshare, 2066
1.0042922850311915, 40, Dwelling, 2076
0.9851146746702375, 41, Population, 2068
0.9851146746702375, 41, Renovation Cycle, 2041
0.9851146746702375, 41, Energy Intensity, 2098
0.9851146746702375, 41, Typesplit and Splitshare, 2072
0.9851146746702375, 41, Dwelling, 2036
0.9383027630152276, 42, Population, 2037
0.9383027630152276, 42, Renovation Cycle, 2067
0.9383027630152276, 42, Energy Intensity, 2092
0.9383027630152276, 42, Typesplit and Splitshare, 2042
0.9383027630152276, 42, Dwelling, 2045
0.9331320602349159, 43, Population, 2037
0.9331320602349159, 43, Renovation Cycle, 2088
0.9331320602349159, 43, Energy Intensity, 2036
0.9331320602349159, 43, Typesplit and Splitshare, 2036
0.9331320602349159, 43, Dwelling, 2046
0.8606272353901903, 44, Population, 2056
0.8606272353901903, 44, Renovation Cycle, 2061
0.8606272353901903, 44, Energy Intensity, 2089
0.8606272353901903, 44, Typesplit and Splitshare, 2091
0.8606272353901903, 44, Dwelling, 2091
0.8246072312702735, 45, Population, 2087
0.8246072312702735, 45, Renovation Cycle, 2066
0.8246072312702735, 45, Energy Intensity, 2078
0.8246072312702735, 45, Typesplit and Splitshare, 2025
0.8246072312702735, 45, Dwelling, 2096
0.8235354924904814, 46, Population, 2083
0.8235354924904814, 46, Renovation Cycle, 2065
0.8235354924904814, 46, Energy Intensity, 2041
0.8235354924904814, 46, Typesplit and Splitshare, 2074
0.8235354924904814, 46, Dwelling, 2067
0.7938080554840281, 47, Population, 2037
0.7938080554840281, 47, Renovation Cycle, 2069
0.7938080554840281, 47, Energy Intensity, 2080
0.7938080554840281, 47, Typesplit and Splitshare, 2096
0.7938080554840281, 47, Dwelling, 2042
0.747350705215865, 48, Population, 2059
0.747350705215865, 48, Renovation Cycle, 2083
0.747350705215865, 48, Energy Intensity, 2082
0.747350705215865, 48, Typesplit and Splitshare, 2049
0.747350705215865, 48, Dwelling, 2068
0.7049530197656312, 49, Population, 2042
0.7049530197656312, 49, Renovation Cycle, 2071
0.7049530197656312, 49, Energy Intensity, 2062
0.7049530197656312, 49, Typesplit and Splitshare, 2081
0.7049530197656312, 49, Dwelling, 2097
0.7035325962202964, 50, Population, 2032
0.7035325962202964, 50, Renovation Cycle, 2076
0.7035325962202964, 50, Energy Intensity, 2081
0.7035325962202964, 50, Typesplit and Splitshare, 2037
0.7035325962202964, 50, Dwelling, 2037
0.7015540107045966, 51, Population, 2085
0.7015540107045966, 51, Renovation Cycle, 2084
0.7015540107045966, 51, Energy Intensity, 2028
0.7015540107045966, 51, Typesplit and Splitshare, 2037
0.7015540107045966, 51, Dwelling, 2093
0.6985616903647021, 52, Population, 2054
0.6985616903647021, 52, Renovation Cycle, 2034
0.6985616903647021, 52, Energy Intensity, 2030
0.6985616903647021, 52, Typesplit and Splitshare, 2067
0.6985616903647021, 52, Dwelling, 2025
0.6945831878785833, 53, Population, 2091
0.6945831878785833, 53, Renovation Cycle, 2064
0.6945831878785833, 53, Energy Intensity, 2079
0.6945831878785833, 53, Typesplit and Splitshare, 2049
0.6945831878785833, 53, Dwelling, 2038
0.6876717070776381, 54, Population, 2031
0.6876717070776381, 54, Renovation Cycle, 2072
0.6876717070776381, 54, Energy Intensity, 2094
0.6876717070776381, 54, Typesplit and Splitshare, 2095
0.6876717070776381, 54, Dwelling, 2079
0.674671489287634, 55, Population, 2029
0.674671489287634, 55, Renovation Cycle, 2076
0.674671489287634, 55, Energy Intensity, 2099
0.674671489287634, 55, Typesplit and Splitshare, 2061
0.674671489287634, 55, Dwelling, 2046
0.6568004224643659, 56, Population, 2027
0.6568004224643659, 56, Renovation Cycle, 2076
0.6568004224643659, 56, Energy Intensity, 2039
0.6568004224643659, 56, Typesplit and Splitshare, 2095
0.6568004224643659, 56, Dwelling, 2038
0.6454911330702995, 57, Population, 2064
0.6454911330702995, 57, Renovation Cycle, 2060
0.6454911330702995, 57, Energy Intensity, 2099
0.6454911330702995, 57, Typesplit and Splitshare, 2070
0.6454911330702995, 57, Dwelling, 2062
0.6386228509444422, 58, Population, 2068
0.6386228509444422, 58, Renovation Cycle, 2079
0.6386228509444422, 58, Energy Intensity, 2098
0.6386228509444422, 58, Typesplit and Splitshare, 2059
0.6386228509444422, 58, Dwelling, 2039
0.6353741283459295, 59, Population, 2031
0.6353741283459295, 59, Renovation Cycle, 2034
0.6353741283459295, 59, Energy Intensity, 2060
0.6353741283459295, 59, Typesplit and Splitshare, 2032
0.6353741283459295, 59, Dwelling, 2062
0.6196995705685214, 60, Population, 2048
0.6196995705685214, 60, Renovation Cycle, 2066
0.6196995705685214, 60, Energy Intensity, 2071
0.6196995705685214, 60, Typesplit and Splitshare, 2069
0.6196995705685214, 60, Dwelling, 2035
0.6081022107644073, 61, Population, 2097
0.6081022107644073, 61, Renovation Cycle, 2089
0.6081022107644073, 61, Energy Intensity, 2094
0.6081022107644073, 61, Typesplit and Splitshare, 2070
0.6081022107644073, 61, Dwelling, 2077
0.5773115698214539, 62, Population, 2051
0.5773115698214539, 62, Renovation Cycle, 2093
0.5773115698214539, 62, Energy Intensity, 2040
0.5773115698214539, 62, Typesplit and Splitshare, 2027
0.5773115698214539, 62, Dwelling, 2042
0.5666326447741652, 63, Population, 2064
0.5666326447741652, 63, Renovation Cycle, 2098
0.5666326447741652, 63, Energy Intensity, 2089
0.5666326447741652, 63, Typesplit and Splitshare, 2029
0.5666326447741652, 63, Dwelling, 2073
0.5521023700905588, 64, Population, 2044
0.5521023700905588, 64, Renovation Cycle, 2032
0.5521023700905588, 64, Energy Intensity, 2093
0.5521023700905588, 64, Typesplit and Splitshare, 2032
0.5521023700905588, 64, Dwelling, 2026
0.549971431484007, 65, Population, 2041
0.549971431484007, 65, Renovation Cycle, 2068
0.549971431484007, 65, Energy Intensity, 2076
0.549971431484007, 65, Typesplit and Splitshare, 2039
0.549971431484007, 65, Dwelling, 2070
0.5300203131446972, 66, Population, 2093
0.5300203131446972, 66, Renovation Cycle, 2036
0.5300203131446972, 66, Energy Intensity, 2036
0.5300203131446972, 66, Typesplit and Splitshare, 2092
0.5300203131446972, 66, Dwelling, 2082
0.5185647688339361, 67, Population, 2073
0.5185647688339361, 67, Renovation Cycle, 2075
0.5185647688339361, 67, Energy Intensity, 2046
0.5185647688339361, 67, Typesplit and Splitshare, 2027
0.5185647688339361, 67, Dwelling, 2060
0.5135951917427855, 68, Population, 2074
0.5135951917427855, 68, Renovation Cycle, 2054
0.5135951917427855, 68, Energy Intensity, 2078
0.5135951917427855, 68, Typesplit and Splitshare, 2042
0.5135951917427855, 68, Dwelling, 2061
0.5080966834314907, 69, Population, 2084
0.5080966834314907, 69, Renovation Cycle, 2026
0.5080966834314907, 69, Energy Intensity, 2034
0.5080966834314907, 69, Typesplit and Splitshare, 2033
0.5080966834314907, 69, Dwelling, 2058
0.5002010664823745, 70, Population, 2034
0.5002010664823745, 70, Renovation Cycle, 2098
0.5002010664823745, 70, Energy Intensity, 2039
0.5002010664823745, 70, Typesplit and Splitshare, 2062
0.5002010664823745, 70, Dwelling, 2087
0.49856231109996335, 71, Population, 2089
0.49856231109996335, 71, Renovation Cycle, 2041
0.49856231109996335, 71, Energy Intensity, 2071
0.49856231109996335, 71, Typesplit and Splitshare, 2035
0.49856231109996335, 71, Dwelling, 2089
0.4906204193355221, 72, Population, 2040
0.4906204193355221, 72, Renovation Cycle, 2093
0.4906204193355221, 72, Energy Intensity, 2035
0.4906204193355221, 72, Typesplit and Splitshare, 2062
0.4906204193355221, 72, Dwelling, 2087
0.48572175923978206, 73, Population, 2039
0.48572175923978206, 73, Renovation Cycle, 2057
0.48572175923978206, 73, Energy Intensity, 2076
0.48572175923978206, 73, Typesplit and Splitshare, 2043
0.48572175923978206, 73, Dwelling, 2085
0.4845890804109267, 74, Population, 2078
0.4845890804109267, 74, Renovation Cycle, 2041
0.4845890804109267, 74, Energy Intensity, 2034
0.4845890804109267, 74, Typesplit and Splitshare, 2070
0.4845890804109267, 74, Dwelling, 2088
0.4820362045688241, 75, Population, 2090
0.4820362045688241, 75, Renovation Cycle, 2075
0.4820362045688241, 75, Energy Intensity, 2038
0.4820362045688241, 75, Typesplit and Splitshare, 2078
0.4820362045688241, 75, Dwelling, 2088
0.4814718354627481, 76, Population, 2078
0.4814718354627481, 76, Renovation Cycle, 2077
0.4814718354627481, 76, Energy Intensity, 2099
0.4814718354627481, 76, Typesplit and Splitshare, 2034
0.4814718354627481, 76, Dwelling, 2072
0.47072369645307627, 77, Population, 2027
0.47072369645307627, 77, Renovation Cycle, 2084
0.47072369645307627, 77, Energy Intensity, 2079
0.47072369645307627, 77, Typesplit and Splitshare, 2066
0.47072369645307627, 77, Dwelling, 2056
0.4705857912248831, 78, Population, 2049
0.4705857912248831, 78, Renovation Cycle, 2047
0.4705857912248831, 78, Energy Intensity, 2047
0.4705857912248831, 78, Typesplit and Splitshare, 2053
0.4705857912248831, 78, Dwelling, 2041
0.4687982793555944, 79, Population, 2035
0.4687982793555944, 79, Renovation Cycle, 2049
0.4687982793555944, 79, Energy Intensity, 2067
0.4687982793555944, 79, Typesplit and Splitshare, 2047
0.4687982793555944, 79, Dwelling, 2091
0.4437400748802789, 80, Population, 2071
0.4437400748802789, 80, Renovation Cycle, 2035
0.4437400748802789, 80, Energy Intensity, 2085
0.4437400748802789, 80, Typesplit and Splitshare, 2049
0.4437400748802789, 80, Dwelling, 2038
0.4435569366072631, 81, Population, 2033
0.4435569366072631, 81, Renovation Cycle, 2062
0.4435569366072631, 81, Energy Intensity, 2085
0.4435569366072631, 81, Typesplit and Splitshare, 2095
0.4435569366072631, 81, Dwelling, 2070
0.43715530819675874, 82, Population, 2071
0.43715530819675874, 82, Renovation Cycle, 2091
0.43715530819675874, 82, Energy Intensity, 2039
0.43715530819675874, 82, Typesplit and Splitshare, 2051
0.43715530819675874, 82, Dwelling, 2065
0.4188469095250133, 83, Population, 2041
0.4188469095250133, 83, Renovation Cycle, 2098
0.4188469095250133, 83, Energy Intensity, 2077
0.4188469095250133, 83, Typesplit and Splitshare, 2041
0.4188469095250133, 83, Dwelling, 2038
0.38187354247091604, 84, Population, 2096
0.38187354247091604, 84, Renovation Cycle, 2025
0.38187354247091604, 84, Energy Intensity, 2049
0.38187354247091604, 84, Typesplit and Splitshare, 2048
0.38187354247091604, 84, Dwelling, 2060
0.37824215156613106, 85, Population, 2094
0.37824215156613106, 85, Renovation Cycle, 2086
0.37824215156613106, 85, Energy Intensity, 2090
0.37824215156613106, 85, Typesplit and Splitshare, 2068
0.37824215156613106, 85, Dwelling, 2056
0.36007504522131545, 86, Population, 2031
0.36007504522131545, 86, Renovation Cycle, 2034
0.36007504522131545, 86, Energy Intensity, 2059
0.36007504522131545, 86, Typesplit and Splitshare, 2055
0.36007504522131545, 86, Dwelling, 2044
0.35745965356439713, 87, Population, 2068
0.35745965356439713, 87, Renovation Cycle, 2057
0.35745965356439713, 87, Energy Intensity, 2030
0.35745965356439713, 87, Typesplit and Splitshare, 2081
0.35745965356439713, 87, Dwelling, 2058
0.35653973056669874, 88, Population, 2059
0.35653973056669874, 88, Renovation Cycle, 2056
0.35653973056669874, 88, Energy Intensity, 2048
0.35653973056669874, 88, Typesplit and Splitshare, 2089
0.35653973056669874, 88, Dwelling, 2068
0.35534185062941415, 89, Population, 2033
0.35534185062941415, 89, Renovation Cycle, 2026
0.35534185062941415, 89, Energy Intensity, 2061
0.35534185062941415, 89, Typesplit and Splitshare, 2056
0.35534185062941415, 89, Dwelling, 2058
0.3540206580028136, 90, Population, 2040
0.3540206580028136, 90, Renovation Cycle, 2084
0.3540206580028136, 90, Energy Intensity, 2037
0.3540206580028136, 90, Typesplit and Splitshare, 2046
0.3540206580028136, 90, Dwelling, 2089
0.353150625641852, 91, Population, 2038
0.353150625641852, 91, Renovation Cycle, 2064
0.353150625641852, 91, Energy Intensity, 2071
0.353150625641852, 91, Typesplit and Splitshare, 2065
0.353150625641852, 91, Dwelling, 2035
0.34815554596259773, 92, Population, 2083
0.34815554596259773, 92, Renovation Cycle, 2045
0.34815554596259773, 92, Energy Intensity, 2094
0.34815554596259773, 92, Typesplit and Splitshare, 2068
0.34815554596259773, 92, Dwelling, 2048
0.3420452237599085, 93, Population, 2027
0.3420452237599085, 93, Renovation Cycle, 2029
0.3420452237599085, 93, Energy Intensity, 2059
0.3420452237599085, 93, Typesplit and Splitshare, 2072
0.3420452237599085, 93, Dwelling, 2080
0.340705646550114, 94, Population, 2058
0.340705646550114, 94, Renovation Cycle, 2098
0.340705646550114, 94, Energy Intensity, 2096
0.340705646550114, 94, Typesplit and Splitshare, 2063
0.340705646550114, 94, Dwelling, 2045
0.33920176811070635, 95, Population, 2079
0.33920176811070635, 95, Renovation Cycle, 2095
0.33920176811070635, 95, Energy Intensity, 2085
0.33920176811070635, 95, Typesplit and Splitshare, 2069
0.33920176811070635, 95, Dwelling, 2069
0.33616639516703856, 96, Population, 2080
0.33616639516703856, 96, Renovation Cycle, 2034
0.33616639516703856, 96, Energy Intensity, 2088
0.33616639516703856, 96, Typesplit and Splitshare, 2090
0.33616639516703856, 96, Dwelling, 2049
0.3282137463505317, 97, Population, 2073
0.3282137463505317, 97, Renovation Cycle, 2073
0.3282137463505317, 97, Energy Intensity, 2050
0.3282137463505317, 97, Typesplit and Splitshare, 2051
0.3282137463505317, 97, Dwelling, 2068
0.3255133138997668, 98, Population, 2075
0.3255133138997668, 98, Renovation Cycle, 2052
0.3255133138997668, 98, Energy Intensity, 2044
0.3255133138997668, 98, Typesplit and Splitshare, 2034
0.3255133138997668, 98, Dwelling, 2033
0.3254999858509471, 99, Population, 2032
0.3254999858509471, 99, Renovation Cycle, 2028
0.3254999858509471, 99, Energy Intensity, 2072
0.3254999858509471, 99, Typesplit and Splitshare, 2032
0.3254999858509471, 99, Dwelling, 2099
0.317971296971791, 100, Population, 2092
0.317971296971791, 100, Renovation Cycle, 2073
0.317971296971791, 100, Energy Intensity, 2053
0.317971296971791, 100, Typesplit and Splitshare, 2074
0.317971296971791, 100, Dwelling, 2077
0.31548436631654303, 101, Population, 2047
0.31548436631654303, 101, Renovation Cycle, 2098
0.31548436631654303, 101, Energy Intensity, 2071
0.31548436631654303, 101, Typesplit and Splitshare, 2083
0.31548436631654303, 101, Dwelling, 2095
0.31507819503895684, 102, Population, 2043
0.31507819503895684, 102, Renovation Cycle, 2081
0.31507819503895684, 102, Energy Intensity, 2040
0.31507819503895684, 102, Typesplit and Splitshare, 2073
0.31507819503895684, 102, Dwelling, 2038
0.30721307615853194, 103, Population, 2084
0.30721307615853194, 103, Renovation Cycle, 2086
0.30721307615853194, 103, Energy Intensity, 2057
0.30721307615853194, 103, Typesplit and Splitshare, 2096
0.30721307615853194, 103, Dwelling, 2059
0.3067316248506872, 104, Population, 2079
0.3067316248506872, 104, Renovation Cycle, 2025
0.3067316248506872, 104, Energy Intensity, 2054
0.3067316248506872, 104, Typesplit and Splitshare, 2080
0.3067316248506872, 104, Dwelling, 2095
0.30523736869736373, 105, Population, 2061
0.30523736869736373, 105, Renovation Cycle, 2081
0.30523736869736373, 105, Energy Intensity, 2071
0.30523736869736373, 105, Typesplit and Splitshare, 2091
0.30523736869736373, 105, Dwelling, 2092
0.30230176744814546, 106, Population, 2086
0.30230176744814546, 106, Renovation Cycle, 2075
0.30230176744814546, 106, Energy Intensity, 2085
0.30230176744814546, 106, Typesplit and Splitshare, 2088
0.30230176744814546, 106, Dwelling, 2029
0.29545861377492544, 107, Population, 2028
0.29545861377492544, 107, Renovation Cycle, 2062
0.29545861377492544, 107, Energy Intensity, 2030
0.29545861377492544, 107, Typesplit and Splitshare, 2075
0.29545861377492544, 107, Dwelling, 2088
0.29537566005070465, 108, Population, 2031
0.29537566005070465, 108, Renovation Cycle, 2073
0.29537566005070465, 108, Energy Intensity, 2085
0.29537566005070465, 108, Typesplit and Splitshare, 2027
0.29537566005070465, 108, Dwelling, 2066
0.2953582462439636, 109, Population, 2048
0.2953582462439636, 109, Renovation Cycle, 2045
0.2953582462439636, 109, Energy Intensity, 2079
0.2953582462439636, 109, Typesplit and Splitshare, 2027
0.2953582462439636, 109, Dwelling, 2079
0.2928513785897755, 110, Population, 2049
0.2928513785897755, 110, Renovation Cycle, 2091
0.2928513785897755, 110, Energy Intensity, 2045
0.2928513785897755, 110, Typesplit and Splitshare, 2039
0.2928513785897755, 110, Dwelling, 2090
0.27373074285652543, 111, Population, 2059
0.27373074285652543, 111, Renovation Cycle, 2042
0.27373074285652543, 111, Energy Intensity, 2050
0.27373074285652543, 111, Typesplit and Splitshare, 2034
0.27373074285652543, 111, Dwelling, 2066
0.2700815773503265, 112, Population, 2043
0.2700815773503265, 112, Renovation Cycle, 2060
0.2700815773503265, 112, Energy Intensity, 2095
0.2700815773503265, 112, Typesplit and Splitshare, 2081
0.2700815773503265, 112, Dwelling, 2080
0.2696508902999728, 113, Population, 2027
0.2696508902999728, 113, Renovation Cycle, 2081
0.2696508902999728, 113, Energy Intensity, 2071
0.2696508902999728, 113, Typesplit and Splitshare, 2097
0.2696508902999728, 113, Dwelling, 2093
0.2696340488054858, 114, Population, 2094
0.2696340488054858, 114, Renovation Cycle, 2072
0.2696340488054858, 114, Energy Intensity, 2086
0.2696340488054858, 114, Typesplit and Splitshare, 2065
0.2696340488054858, 114, Dwelling, 2067
0.267986941068304, 115, Population, 2056
0.267986941068304, 115, Renovation Cycle, 2034
0.267986941068304, 115, Energy Intensity, 2088
0.267986941068304, 115, Typesplit and Splitshare, 2074
0.267986941068304, 115, Dwelling, 2058
0.2666198043639263, 116, Population, 2028
0.2666198043639263, 116, Renovation Cycle, 2050
0.2666198043639263, 116, Energy Intensity, 2029
0.2666198043639263, 116, Typesplit and Splitshare, 2043
0.2666198043639263, 116, Dwelling, 2097
0.26452074943923415, 117, Population, 2072
0.26452074943923415, 117, Renovation Cycle, 2025
0.26452074943923415, 117, Energy Intensity, 2098
0.26452074943923415, 117, Typesplit and Splitshare, 2093
0.26452074943923415, 117, Dwelling, 2053
0.2631688252229393, 118, Population, 2057
0.2631688252229393, 118, Renovation Cycle, 2052
0.2631688252229393, 118, Energy Intensity, 2094
0.2631688252229393, 118, Typesplit and Splitshare, 2049
0.2631688252229393, 118, Dwelling, 2095
0.25791780110914286, 119, Population, 2075
0.25791780110914286, 119, Renovation Cycle, 2072
0.25791780110914286, 119, Energy Intensity, 2079
0.25791780110914286, 119, Typesplit and Splitshare, 2093
0.25791780110914286, 119, Dwelling, 2070
0.25649552235837014, 120, Population, 2037
0.25649552235837014, 120, Renovation Cycle, 2094
0.25649552235837014, 120, Energy Intensity, 2071
0.25649552235837014, 120, Typesplit and Splitshare, 2076
0.25649552235837014, 120, Dwelling, 2041
0.2559703683563969, 121, Population, 2050
0.2559703683563969, 121, Renovation Cycle, 2096
0.2559703683563969, 121, Energy Intensity, 2086
0.2559703683563969, 121, Typesplit and Splitshare, 2054
0.2559703683563969, 121, Dwelling, 2080
0.2556349381107075, 122, Population, 2035
0.2556349381107075, 122, Renovation Cycle, 2056
0.2556349381107075, 122, Energy Intensity, 2034
0.2556349381107075, 122, Typesplit and Splitshare, 2038
0.2556349381107075, 122, Dwelling, 2049
0.25436307584966833, 123, Population, 2088
0.25436307584966833, 123, Renovation Cycle, 2034
0.25436307584966833, 123, Energy Intensity, 2028
0.25436307584966833, 123, Typesplit and Splitshare, 2084
0.25436307584966833, 123, Dwelling, 2038
0.2537446999526106, 124, Population, 2026
0.2537446999526106, 124, Renovation Cycle, 2069
0.2537446999526106, 124, Energy Intensity, 2044
0.2537446999526106, 124, Typesplit and Splitshare, 2030
0.2537446999526106, 124, Dwelling, 2053
0.24892842519830494, 125, Population, 2046
0.24892842519830494, 125, Renovation Cycle, 2033
0.24892842519830494, 125, Energy Intensity, 2096
0.24892842519830494, 125, Typesplit and Splitshare, 2075
0.24892842519830494, 125, Dwelling, 2041
0.24622934530564883, 126, Population, 2084
0.24622934530564883, 126, Renovation Cycle, 2063
0.24622934530564883, 126, Energy Intensity, 2074
0.24622934530564883, 126, Typesplit and Splitshare, 2078
0.24622934530564883, 126, Dwelling, 2078
0.24487151388115577, 127, Population, 2059
0.24487151388115577, 127, Renovation Cycle, 2078
0.24487151388115577, 127, Energy Intensity, 2064
0.24487151388115577, 127, Typesplit and Splitshare, 2084
0.24487151388115577, 127, Dwelling, 2094
0.24394402262087217, 128, Population, 2060
0.24394402262087217, 128, Renovation Cycle, 2029
0.24394402262087217, 128, Energy Intensity, 2060
0.24394402262087217, 128, Typesplit and Splitshare, 2045
0.24394402262087217, 128, Dwelling, 2080
0.24146471732643462, 129, Population, 2079
0.24146471732643462, 129, Renovation Cycle, 2049
0.24146471732643462, 129, Energy Intensity, 2037
0.24146471732643462, 129, Typesplit and Splitshare, 2027
0.24146471732643462, 129, Dwelling, 2097
0.24098605457945288, 130, Population, 2055
0.24098605457945288, 130, Renovation Cycle, 2043
0.24098605457945288, 130, Energy Intensity, 2034
0.24098605457945288, 130, Typesplit and Splitshare, 2062
0.24098605457945288, 130, Dwelling, 2031
0.24072606185632986, 131, Population, 2034
0.24072606185632986, 131, Renovation Cycle, 2082
0.24072606185632986, 131, Energy Intensity, 2031
0.24072606185632986, 131, Typesplit and Splitshare, 2086
0.24072606185632986, 131, Dwelling, 2027
0.23507038083906173, 132, Population, 2064
0.23507038083906173, 132, Renovation Cycle, 2062
0.23507038083906173, 132, Energy Intensity, 2075
0.23507038083906173, 132, Typesplit and Splitshare, 2087
0.23507038083906173, 132, Dwelling, 2056
0.23277431916371885, 133, Population, 2094
0.23277431916371885, 133, Renovation Cycle, 2072
0.23277431916371885, 133, Energy Intensity, 2028
0.23277431916371885, 133, Typesplit and Splitshare, 2030
0.23277431916371885, 133, Dwelling, 2046
0.23202111552699442, 134, Population, 2026
0.23202111552699442, 134, Renovation Cycle, 2083
0.23202111552699442, 134, Energy Intensity, 2069
0.23202111552699442, 134, Typesplit and Splitshare, 2097
0.23202111552699442, 134, Dwelling, 2035
0.23171157454195526, 135, Population, 2083
0.23171157454195526, 135, Renovation Cycle, 2087
0.23171157454195526, 135, Energy Intensity, 2025
0.23171157454195526, 135, Typesplit and Splitshare, 2087
0.23171157454195526, 135, Dwelling, 2049
0.2310203255967721, 136, Population, 2089
0.2310203255967721, 136, Renovation Cycle, 2059
0.2310203255967721, 136, Energy Intensity, 2039
0.2310203255967721, 136, Typesplit and Splitshare, 2035
0.2310203255967721, 136, Dwelling, 2087
0.23079369308145695, 137, Population, 2087
0.23079369308145695, 137, Renovation Cycle, 2080
0.23079369308145695, 137, Energy Intensity, 2093
0.23079369308145695, 137, Typesplit and Splitshare, 2066
0.23079369308145695, 137, Dwelling, 2050
0.22871678329228476, 138, Population, 2054
0.22871678329228476, 138, Renovation Cycle, 2096
0.22871678329228476, 138, Energy Intensity, 2054
0.22871678329228476, 138, Typesplit and Splitshare, 2051
0.22871678329228476, 138, Dwelling, 2058
0.22860761826700204, 139, Population, 2063
0.22860761826700204, 139, Renovation Cycle, 2086
0.22860761826700204, 139, Energy Intensity, 2032
0.22860761826700204, 139, Typesplit and Splitshare, 2046
0.22860761826700204, 139, Dwelling, 2060
0.22859016766634893, 140, Population, 2037
0.22859016766634893, 140, Renovation Cycle, 2068
0.22859016766634893, 140, Energy Intensity, 2026
0.22859016766634893, 140, Typesplit and Splitshare, 2060
0.22859016766634893, 140, Dwelling, 2076
0.22852561567060475, 141, Population, 2067
0.22852561567060475, 141, Renovation Cycle, 2091
0.22852561567060475, 141, Energy Intensity, 2033
0.22852561567060475, 141, Typesplit and Splitshare, 2063
0.22852561567060475, 141, Dwelling, 2082
0.2242742076209298, 142, Population, 2088
0.2242742076209298, 142, Renovation Cycle, 2084
0.2242742076209298, 142, Energy Intensity, 2032
0.2242742076209298, 142, Typesplit and Splitshare, 2086
0.2242742076209298, 142, Dwelling, 2089
0.22411211206895307, 143, Population, 2035
0.22411211206895307, 143, Renovation Cycle, 2025
0.22411211206895307, 143, Energy Intensity, 2098
0.22411211206895307, 143, Typesplit and Splitshare, 2029
0.22411211206895307, 143, Dwelling, 2025
0.2239223192497407, 144, Population, 2053
0.2239223192497407, 144, Renovation Cycle, 2080
0.2239223192497407, 144, Energy Intensity, 2054
0.2239223192497407, 144, Typesplit and Splitshare, 2063
0.2239223192497407, 144, Dwelling, 2096
0.22356822063880802, 145, Population, 2046
0.22356822063880802, 145, Renovation Cycle, 2081
0.22356822063880802, 145, Energy Intensity, 2065
0.22356822063880802, 145, Typesplit and Splitshare, 2064
0.22356822063880802, 145, Dwelling, 2084
0.221465151678793, 146, Population, 2052
0.221465151678793, 146, Renovation Cycle, 2042
0.221465151678793, 146, Energy Intensity, 2061
0.221465151678793, 146, Typesplit and Splitshare, 2039
0.221465151678793, 146, Dwelling, 2053
0.2206211073282517, 147, Population, 2091
0.2206211073282517, 147, Renovation Cycle, 2079
0.2206211073282517, 147, Energy Intensity, 2042
0.2206211073282517, 147, Typesplit and Splitshare, 2055
0.2206211073282517, 147, Dwelling, 2049
0.21996796011068553, 148, Population, 2077
0.21996796011068553, 148, Renovation Cycle, 2047
0.21996796011068553, 148, Energy Intensity, 2053
0.21996796011068553, 148, Typesplit and Splitshare, 2034
0.21996796011068553, 148, Dwelling, 2063
0.2186051102409895, 149, Population, 2077
0.2186051102409895, 149, Renovation Cycle, 2093
0.2186051102409895, 149, Energy Intensity, 2090
0.2186051102409895, 149, Typesplit and Splitshare, 2098
0.2186051102409895, 149, Dwelling, 2048
0.21785764555023882, 150, Population, 2051
0.21785764555023882, 150, Renovation Cycle, 2048
0.21785764555023882, 150, Energy Intensity, 2062
0.21785764555023882, 150, Typesplit and Splitshare, 2049
0.21785764555023882, 150, Dwelling, 2054
0.21784771555000704, 151, Population, 2067
0.21784771555000704, 151, Renovation Cycle, 2040
0.21784771555000704, 151, Energy Intensity, 2059
0.21784771555000704, 151, Typesplit and Splitshare, 2075
0.21784771555000704, 151, Dwelling, 2092
0.2177924396449426, 152, Population, 2069
0.2177924396449426, 152, Renovation Cycle, 2047
0.2177924396449426, 152, Energy Intensity, 2027
0.2177924396449426, 152, Typesplit and Splitshare, 2043
0.2177924396449426, 152, Dwelling, 2074
0.216921472020767, 153, Population, 2080
0.216921472020767, 153, Renovation Cycle, 2025
0.216921472020767, 153, Energy Intensity, 2039
0.216921472020767, 153, Typesplit and Splitshare, 2046
0.216921472020767, 153, Dwelling, 2034
0.21633986074589423, 154, Population, 2036
0.21633986074589423, 154, Renovation Cycle, 2027
0.21633986074589423, 154, Energy Intensity, 2055
0.21633986074589423, 154, Typesplit and Splitshare, 2044
0.21633986074589423, 154, Dwelling, 2037
0.213275555436192, 155, Population, 2081
0.213275555436192, 155, Renovation Cycle, 2027
0.213275555436192, 155, Energy Intensity, 2084
0.213275555436192, 155, Typesplit and Splitshare, 2049
0.213275555436192, 155, Dwelling, 2026
0.21175231893820817, 156, Population, 2028
0.21175231893820817, 156, Renovation Cycle, 2051
0.21175231893820817, 156, Energy Intensity, 2054
0.21175231893820817, 156, Typesplit and Splitshare, 2046
0.21175231893820817, 156, Dwelling, 2086
0.21135677253342797, 157, Population, 2073
0.21135677253342797, 157, Renovation Cycle, 2069
0.21135677253342797, 157, Energy Intensity, 2084
0.21135677253342797, 157, Typesplit and Splitshare, 2082
0.21135677253342797, 157, Dwelling, 2040
0.21118776427161542, 158, Population, 2086
0.21118776427161542, 158, Renovation Cycle, 2030
0.21118776427161542, 158, Energy Intensity, 2048
0.21118776427161542, 158, Typesplit and Splitshare, 2093
0.21118776427161542, 158, Dwelling, 2082
0.21116748391758536, 159, Population, 2061
0.21116748391758536, 159, Renovation Cycle, 2029
0.21116748391758536, 159, Energy Intensity, 2027
0.21116748391758536, 159, Typesplit and Splitshare, 2081
0.21116748391758536, 159, Dwelling, 2063
0.2109978841491929, 160, Population, 2073
0.2109978841491929, 160, Renovation Cycle, 2056
0.2109978841491929, 160, Energy Intensity, 2094
0.2109978841491929, 160, Typesplit and Splitshare, 2051
0.2109978841491929, 160, Dwelling, 2086
0.20880536206678257, 161, Population, 2051
0.20880536206678257, 161, Renovation Cycle, 2091
0.20880536206678257, 161, Energy Intensity, 2064
0.20880536206678257, 161, Typesplit and Splitshare, 2075
0.20880536206678257, 161, Dwelling, 2038
0.20837381231695903, 162, Population, 2066
0.20837381231695903, 162, Renovation Cycle, 2029
0.20837381231695903, 162, Energy Intensity, 2063
0.20837381231695903, 162, Typesplit and Splitshare, 2091
0.20837381231695903, 162, Dwelling, 2044
0.20768599100396062, 163, Population, 2048
0.20768599100396062, 163, Renovation Cycle, 2037
0.20768599100396062, 163, Energy Intensity, 2036
0.20768599100396062, 163, Typesplit and Splitshare, 2054
0.20768599100396062, 163, Dwelling, 2041
0.20700486810628535, 164, Population, 2092
0.20700486810628535, 164, Renovation Cycle, 2064
0.20700486810628535, 164, Energy Intensity, 2099
0.20700486810628535, 164, Typesplit and Splitshare, 2051
0.20700486810628535, 164, Dwelling, 2070
0.20647497683865249, 165, Population, 2083
0.20647497683865249, 165, Renovation Cycle, 2085
0.20647497683865249, 165, Energy Intensity, 2034
0.20647497683865249, 165, Typesplit and Splitshare, 2071
0.20647497683865249, 165, Dwelling, 2092
0.2051152143789713, 166, Population, 2067
0.2051152143789713, 166, Renovation Cycle, 2090
0.2051152143789713, 166, Energy Intensity, 2089
0.2051152143789713, 166, Typesplit and Splitshare, 2077
0.2051152143789713, 166, Dwelling, 2055
0.2050232652681218, 167, Population, 2061
0.2050232652681218, 167, Renovation Cycle, 2071
0.2050232652681218, 167, Energy Intensity, 2081
0.2050232652681218, 167, Typesplit and Splitshare, 2038
0.2050232652681218, 167, Dwelling, 2059
0.20492924783861496, 168, Population, 2076
0.20492924783861496, 168, Renovation Cycle, 2026
0.20492924783861496, 168, Energy Intensity, 2052
0.20492924783861496, 168, Typesplit and Splitshare, 2035
0.20492924783861496, 168, Dwelling, 2036
0.2028169908436498, 169, Population, 2040
0.2028169908436498, 169, Renovation Cycle, 2091
0.2028169908436498, 169, Energy Intensity, 2028
0.2028169908436498, 169, Typesplit and Splitshare, 2068
0.2028169908436498, 169, Dwelling, 2082
0.20239596034065285, 170, Population, 2091
0.20239596034065285, 170, Renovation Cycle, 2034
0.20239596034065285, 170, Energy Intensity, 2098
0.20239596034065285, 170, Typesplit and Splitshare, 2031
0.20239596034065285, 170, Dwelling, 2087
0.20182065944413086, 171, Population, 2072
0.20182065944413086, 171, Renovation Cycle, 2049
0.20182065944413086, 171, Energy Intensity, 2050
0.20182065944413086, 171, Typesplit and Splitshare, 2099
0.20182065944413086, 171, Dwelling, 2048
0.20129767526737083, 172, Population, 2077
0.20129767526737083, 172, Renovation Cycle, 2082
0.20129767526737083, 172, Energy Intensity, 2048
0.20129767526737083, 172, Typesplit and Splitshare, 2056
0.20129767526737083, 172, Dwelling, 2050
0.20006383079735157, 173, Population, 2025
0.20006383079735157, 173, Renovation Cycle, 2095
0.20006383079735157, 173, Energy Intensity, 2050
0.20006383079735157, 173, Typesplit and Splitshare, 2038
0.20006383079735157, 173, Dwelling, 2078
0.19798225638458467, 174, Population, 2096
0.19798225638458467, 174, Renovation Cycle, 2098
0.19798225638458467, 174, Energy Intensity, 2030
0.19798225638458467, 174, Typesplit and Splitshare, 2097
0.19798225638458467, 174, Dwelling, 2090
0.19578349630591085, 175, Population, 2026
0.19578349630591085, 175, Renovation Cycle, 2090
0.19578349630591085, 175, Energy Intensity, 2045
0.19578349630591085, 175, Typesplit and Splitshare, 2027
0.19578349630591085, 175, Dwelling, 2049
0.1897221285257877, 176, Population, 2037
0.1897221285257877, 176, Renovation Cycle, 2068
0.1897221285257877, 176, Energy Intensity, 2043
0.1897221285257877, 176, Typesplit and Splitshare, 2047
0.1897221285257877, 176, Dwelling, 2049
0.18959060992478272, 177, Population, 2030
0.18959060992478272, 177, Renovation Cycle, 2039
0.18959060992478272, 177, Energy Intensity, 2054
0.18959060992478272, 177, Typesplit and Splitshare, 2087
0.18959060992478272, 177, Dwelling, 2065
0.18442331500324324, 178, Population, 2040
0.18442331500324324, 178, Renovation Cycle, 2078
0.18442331500324324, 178, Energy Intensity, 2075
0.18442331500324324, 178, Typesplit and Splitshare, 2049
0.18442331500324324, 178, Dwelling, 2036
0.1842932422373185, 179, Population, 2031
0.1842932422373185, 179, Renovation Cycle, 2046
0.1842932422373185, 179, Energy Intensity, 2072
0.1842932422373185, 179, Typesplit and Splitshare, 2044
0.1842932422373185, 179, Dwelling, 2081
0.18296312067092022, 180, Population, 2092
0.18296312067092022, 180, Renovation Cycle, 2028
0.18296312067092022, 180, Energy Intensity, 2073
0.18296312067092022, 180, Typesplit and Splitshare, 2043
0.18296312067092022, 180, Dwelling, 2063
0.18067821285173094, 181, Population, 2096
0.18067821285173094, 181, Renovation Cycle, 2047
0.18067821285173094, 181, Energy Intensity, 2062
0.18067821285173094, 181, Typesplit and Splitshare, 2057
0.18067821285173094, 181, Dwelling, 2048
0.17925218075876412, 182, Population, 2093
0.17925218075876412, 182, Renovation Cycle, 2041
0.17925218075876412, 182, Energy Intensity, 2074
0.17925218075876412, 182, Typesplit and Splitshare, 2078
0.17925218075876412, 182, Dwelling, 2034
0.17509715124011357, 183, Population, 2043
0.17509715124011357, 183, Renovation Cycle, 2025
0.17509715124011357, 183, Energy Intensity, 2074
0.17509715124011357, 183, Typesplit and Splitshare, 2093
0.17509715124011357, 183, Dwelling, 2085
0.173589394841036, 184, Population, 2089
0.173589394841036, 184, Renovation Cycle, 2062
0.173589394841036, 184, Energy Intensity, 2059
0.173589394841036, 184, Typesplit and Splitshare, 2071
0.173589394841036, 184, Dwelling, 2068
0.1734289343275936, 185, Population, 2093
0.1734289343275936, 185, Renovation Cycle, 2035
0.1734289343275936, 185, Energy Intensity, 2099
0.1734289343275936, 185, Typesplit and Splitshare, 2042
0.1734289343275936, 185, Dwelling, 2044
0.17288825748180123, 186, Population, 2085
0.17288825748180123, 186, Renovation Cycle, 2036
0.17288825748180123, 186, Energy Intensity, 2093
0.17288825748180123, 186, Typesplit and Splitshare, 2053
0.17288825748180123, 186, Dwelling, 2073
0.17189999108035497, 187, Population, 2093
0.17189999108035497, 187, Renovation Cycle, 2065
0.17189999108035497, 187, Energy Intensity, 2052
0.17189999108035497, 187, Typesplit and Splitshare, 2070
0.17189999108035497, 187, Dwelling, 2036
0.17022599619036483, 188, Population, 2085
0.17022599619036483, 188, Renovation Cycle, 2044
0.17022599619036483, 188, Energy Intensity, 2076
0.17022599619036483, 188, Typesplit and Splitshare, 2025
0.17022599619036483, 188, Dwelling, 2054
0.16986043570744128, 189, Population, 2080
0.16986043570744128, 189, Renovation Cycle, 2086
0.16986043570744128, 189, Energy Intensity, 2060
0.16986043570744128, 189, Typesplit and Splitshare, 2054
0.16986043570744128, 189, Dwelling, 2060
0.16768070176860617, 190, Population, 2094
0.16768070176860617, 190, Renovation Cycle, 2099
0.16768070176860617, 190, Energy Intensity, 2081
0.16768070176860617, 190, Typesplit and Splitshare, 2095
0.16768070176860617, 190, Dwelling, 2077
0.16732472114938574, 191, Population, 2090
0.16732472114938574, 191, Renovation Cycle, 2081
0.16732472114938574, 191, Energy Intensity, 2027
0.16732472114938574, 191, Typesplit and Splitshare, 2066
0.16732472114938574, 191, Dwelling, 2060
0.16624517286550375, 192, Population, 2083
0.16624517286550375, 192, Renovation Cycle, 2080
0.16624517286550375, 192, Energy Intensity, 2096
0.16624517286550375, 192, Typesplit and Splitshare, 2047
0.16624517286550375, 192, Dwelling, 2058
0.1616701333860485, 193, Population, 2075
0.1616701333860485, 193, Renovation Cycle, 2082
0.1616701333860485, 193, Energy Intensity, 2087
0.1616701333860485, 193, Typesplit and Splitshare, 2031
0.1616701333860485, 193, Dwelling, 2053
0.16127254111921602, 194, Population, 2045
0.16127254111921602, 194, Renovation Cycle, 2038
0.16127254111921602, 194, Energy Intensity, 2052
0.16127254111921602, 194, Typesplit and Splitshare, 2074
0.16127254111921602, 194, Dwelling, 2037
0.1586028535658892, 195, Population, 2039
0.1586028535658892, 195, Renovation Cycle, 2072
0.1586028535658892, 195, Energy Intensity, 2034
0.1586028535658892, 195, Typesplit and Splitshare, 2074
0.1586028535658892, 195, Dwelling, 2081
0.1585793221752957, 196, Population, 2081
0.1585793221752957, 196, Renovation Cycle, 2060
0.1585793221752957, 196, Energy Intensity, 2088
0.1585793221752957, 196, Typesplit and Splitshare, 2074
0.1585793221752957, 196, Dwelling, 2088
0.15765837969451843, 197, Population, 2037
0.15765837969451843, 197, Renovation Cycle, 2071
0.15765837969451843, 197, Energy Intensity, 2042
0.15765837969451843, 197, Typesplit and Splitshare, 2036
0.15765837969451843, 197, Dwelling, 2095
0.15658433029295282, 198, Population, 2041
0.15658433029295282, 198, Renovation Cycle, 2057
0.15658433029295282, 198, Energy Intensity, 2028
0.15658433029295282, 198, Typesplit and Splitshare, 2079
0.15658433029295282, 198, Dwelling, 2034
0.15591867479825197, 199, Population, 2078
0.15591867479825197, 199, Renovation Cycle, 2072
0.15591867479825197, 199, Energy Intensity, 2073
0.15591867479825197, 199, Typesplit and Splitshare, 2071
0.15591867479825197, 199, Dwelling, 2045
0.1536746797242578, 200, Population, 2034
0.1536746797242578, 200, Renovation Cycle, 2036
0.1536746797242578, 200, Energy Intensity, 2071
0.1536746797242578, 200, Typesplit and Splitshare, 2092
0.1536746797242578, 200, Dwelling, 2029
0.1491708139748405, 201, Population, 2086
0.1491708139748405, 201, Renovation Cycle, 2061
0.1491708139748405, 201, Energy Intensity, 2088
0.1491708139748405, 201, Typesplit and Splitshare, 2032
0.1491708139748405, 201, Dwelling, 2059
0.14914895848516427, 202, Population, 2044
0.14914895848516427, 202, Renovation Cycle, 2052
0.14914895848516427, 202, Energy Intensity, 2040
0.14914895848516427, 202, Typesplit and Splitshare, 2084
0.14914895848516427, 202, Dwelling, 2028
0.14874735855665827, 203, Population, 2087
0.14874735855665827, 203, Renovation Cycle, 2090
0.14874735855665827, 203, Energy Intensity, 2092
0.14874735855665827, 203, Typesplit and Splitshare, 2057
0.14874735855665827, 203, Dwelling, 2035
0.14762779538181103, 204, Population, 2029
0.14762779538181103, 204, Renovation Cycle, 2074
0.14762779538181103, 204, Energy Intensity, 2025
0.14762779538181103, 204, Typesplit and Splitshare, 2079
0.14762779538181103, 204, Dwelling, 2061
0.1472307211699195, 205, Population, 2031
0.1472307211699195, 205, Renovation Cycle, 2040
0.1472307211699195, 205, Energy Intensity, 2032
0.1472307211699195, 205, Typesplit and Splitshare, 2034
0.1472307211699195, 205, Dwelling, 2084
0.14702235858271087, 206, Population, 2062
0.14702235858271087, 206, Renovation Cycle, 2035
0.14702235858271087, 206, Energy Intensity, 2033
0.14702235858271087, 206, Typesplit and Splitshare, 2081
0.14702235858271087, 206, Dwelling, 2050
0.1441328077387112, 207, Population, 2063
0.1441328077387112, 207, Renovation Cycle, 2047
0.1441328077387112, 207, Energy Intensity, 2076
0.1441328077387112, 207, Typesplit and Splitshare, 2035
0.1441328077387112, 207, Dwelling, 2047
0.143022482153621, 208, Population, 2026
0.143022482153621, 208, Renovation Cycle, 2037
0.143022482153621, 208, Energy Intensity, 2054
0.143022482153621, 208, Typesplit and Splitshare, 2025
0.143022482153621, 208, Dwelling, 2056
0.14177113084701293, 209, Population, 2042
0.14177113084701293, 209, Renovation Cycle, 2091
0.14177113084701293, 209, Energy Intensity, 2083
0.14177113084701293, 209, Typesplit and Splitshare, 2078
0.14177113084701293, 209, Dwelling, 2026
0.14044317015325297, 210, Population, 2050
0.14044317015325297, 210, Renovation Cycle, 2071
0.14044317015325297, 210, Energy Intensity, 2099
0.14044317015325297, 210, Typesplit and Splitshare, 2031
0.14044317015325297, 210, Dwelling, 2082
0.13852422740033452, 211, Population, 2063
0.13852422740033452, 211, Renovation Cycle, 2084
0.13852422740033452, 211, Energy Intensity, 2079
0.13852422740033452, 211, Typesplit and Splitshare, 2091
0.13852422740033452, 211, Dwelling, 2063
0.13829189808108702, 212, Population, 2057
0.13829189808108702, 212, Renovation Cycle, 2032
0.13829189808108702, 212, Energy Intensity, 2040
0.13829189808108702, 212, Typesplit and Splitshare, 2061
0.13829189808108702, 212, Dwelling, 2038
0.13757041752678398, 213, Population, 2054
0.13757041752678398, 213, Renovation Cycle, 2064
0.13757041752678398, 213, Energy Intensity, 2068
0.13757041752678398, 213, Typesplit and Splitshare, 2039
0.13757041752678398, 213, Dwelling, 2054
0.13509847354595003, 214, Population, 2091
0.13509847354595003, 214, Renovation Cycle, 2044
0.13509847354595003, 214, Energy Intensity, 2040
0.13509847354595003, 214, Typesplit and Splitshare, 2030
0.13509847354595003, 214, Dwelling, 2067
0.13495813185036684, 215, Population, 2056
0.13495813185036684, 215, Renovation Cycle, 2075
0.13495813185036684, 215, Energy Intensity, 2091
0.13495813185036684, 215, Typesplit and Splitshare, 2086
0.13495813185036684, 215, Dwelling, 2074
0.13312018415493318, 216, Population, 2076
0.13312018415493318, 216, Renovation Cycle, 2088
0.13312018415493318, 216, Energy Intensity, 2060
0.13312018415493318, 216, Typesplit and Splitshare, 2026
0.13312018415493318, 216, Dwelling, 2032
0.1329401714974458, 217, Population, 2083
0.1329401714974458, 217, Renovation Cycle, 2054
0.1329401714974458, 217, Energy Intensity, 2084
0.1329401714974458, 217, Typesplit and Splitshare, 2067
0.1329401714974458, 217, Dwelling, 2060
0.13162694589324203, 218, Population, 2027
0.13162694589324203, 218, Renovation Cycle, 2059
0.13162694589324203, 218, Energy Intensity, 2097
0.13162694589324203, 218, Typesplit and Splitshare, 2067
0.13162694589324203, 218, Dwelling, 2064
0.13055408146914846, 219, Population, 2061
0.13055408146914846, 219, Renovation Cycle, 2030
0.13055408146914846, 219, Energy Intensity, 2080
0.13055408146914846, 219, Typesplit and Splitshare, 2052
0.13055408146914846, 219, Dwelling, 2080
0.12978488779275138, 220, Population, 2039
0.12978488779275138, 220, Renovation Cycle, 2068
0.12978488779275138, 220, Energy Intensity, 2085
0.12978488779275138, 220, Typesplit and Splitshare, 2086
0.12978488779275138, 220, Dwelling, 2055
0.12837563925946588, 221, Population, 2067
0.12837563925946588, 221, Renovation Cycle, 2045
0.12837563925946588, 221, Energy Intensity, 2094
0.12837563925946588, 221, Typesplit and Splitshare, 2080
0.12837563925946588, 221, Dwelling, 2040
0.1268382330134049, 222, Population, 2079
0.1268382330134049, 222, Renovation Cycle, 2029
0.1268382330134049, 222, Energy Intensity, 2039
0.1268382330134049, 222, Typesplit and Splitshare, 2059
0.1268382330134049, 222, Dwelling, 2063
0.12681813730821878, 223, Population, 2072
0.12681813730821878, 223, Renovation Cycle, 2048
0.12681813730821878, 223, Energy Intensity, 2092
0.12681813730821878, 223, Typesplit and Splitshare, 2087
0.12681813730821878, 223, Dwelling, 2044
0.12649489153943086, 224, Population, 2052
0.12649489153943086, 224, Renovation Cycle, 2068
0.12649489153943086, 224, Energy Intensity, 2034
0.12649489153943086, 224, Typesplit and Splitshare, 2061
0.12649489153943086, 224, Dwelling, 2054
0.12549046512644876, 225, Population, 2064
0.12549046512644876, 225, Renovation Cycle, 2030
0.12549046512644876, 225, Energy Intensity, 2028
0.12549046512644876, 225, Typesplit and Splitshare, 2050
0.12549046512644876, 225, Dwelling, 2084
0.1254047963875061, 226, Population, 2029
0.1254047963875061, 226, Renovation Cycle, 2028
0.1254047963875061, 226, Energy Intensity, 2038
0.1254047963875061, 226, Typesplit and Splitshare, 2065
0.1254047963875061, 226, Dwelling, 2076
0.12282648831825084, 227, Population, 2082
0.12282648831825084, 227, Renovation Cycle, 2084
0.12282648831825084, 227, Energy Intensity, 2041
0.12282648831825084, 227, Typesplit and Splitshare, 2037
0.12282648831825084, 227, Dwelling, 2057
0.12111974185437434, 228, Population, 2033
0.12111974185437434, 228, Renovation Cycle, 2093
0.12111974185437434, 228, Energy Intensity, 2051
0.12111974185437434, 228, Typesplit and Splitshare, 2049
0.12111974185437434, 228, Dwelling, 2071
0.11943624925996602, 229, Population, 2065
0.11943624925996602, 229, Renovation Cycle, 2058
0.11943624925996602, 229, Energy Intensity, 2026
0.11943624925996602, 229, Typesplit and Splitshare, 2099
0.11943624925996602, 229, Dwelling, 2058
0.11877576687264929, 230, Population, 2074
0.11877576687264929, 230, Renovation Cycle, 2053
0.11877576687264929, 230, Energy Intensity, 2071
0.11877576687264929, 230, Typesplit and Splitshare, 2057
0.11877576687264929, 230, Dwelling, 2042
0.11839005486321065, 231, Population, 2088
0.11839005486321065, 231, Renovation Cycle, 2097
0.11839005486321065, 231, Energy Intensity, 2062
0.11839005486321065, 231, Typesplit and Splitshare, 2043
0.11839005486321065, 231, Dwelling, 2091
0.11775921613420007, 232, Population, 2045
0.11775921613420007, 232, Renovation Cycle, 2084
0.11775921613420007, 232, Energy Intensity, 2068
0.11775921613420007, 232, Typesplit and Splitshare, 2097
0.11775921613420007, 232, Dwelling, 2084
0.11755236048888498, 233, Population, 2094
0.11755236048888498, 233, Renovation Cycle, 2041
0.11755236048888498, 233, Energy Intensity, 2076
0.11755236048888498, 233, Typesplit and Splitshare, 2079
0.11755236048888498, 233, Dwelling, 2077
0.11693985948415883, 234, Population, 2062
0.11693985948415883, 234, Renovation Cycle, 2037
0.11693985948415883, 234, Energy Intensity, 2079
0.11693985948415883, 234, Typesplit and Splitshare, 2065
0.11693985948415883, 234, Dwelling, 2096
0.1145669318381864, 235, Population, 2061
0.1145669318381864, 235, Renovation Cycle, 2073
0.1145669318381864, 235, Energy Intensity, 2096
0.1145669318381864, 235, Typesplit and Splitshare, 2094
0.1145669318381864, 235, Dwelling, 2047
0.11455988674611088, 236, Population, 2041
0.11455988674611088, 236, Renovation Cycle, 2061
0.11455988674611088, 236, Energy Intensity, 2084
0.11455988674611088, 236, Typesplit and Splitshare, 2072
0.11455988674611088, 236, Dwelling, 2099
0.11454231446538181, 237, Population, 2064
0.11454231446538181, 237, Renovation Cycle, 2029
0.11454231446538181, 237, Energy Intensity, 2086
0.11454231446538181, 237, Typesplit and Splitshare, 2054
0.11454231446538181, 237, Dwelling, 2085
0.1134872087849746, 238, Population, 2077
0.1134872087849746, 238, Renovation Cycle, 2063
0.1134872087849746, 238, Energy Intensity, 2045
0.1134872087849746, 238, Typesplit and Splitshare, 2042
0.1134872087849746, 238, Dwelling, 2071
0.11161602251251387, 239, Population, 2085
0.11161602251251387, 239, Renovation Cycle, 2036
0.11161602251251387, 239, Energy Intensity, 2041
0.11161602251251387, 239, Typesplit and Splitshare, 2052
0.11161602251251387, 239, Dwelling, 2053
0.111295705973167, 240, Population, 2030
0.111295705973167, 240, Renovation Cycle, 2065
0.111295705973167, 240, Energy Intensity, 2060
0.111295705973167, 240, Typesplit and Splitshare, 2048
0.111295705973167, 240, Dwelling, 2055
0.11115009740106795, 241, Population, 2089
0.11115009740106795, 241, Renovation Cycle, 2046
0.11115009740106795, 241, Energy Intensity, 2067
0.11115009740106795, 241, Typesplit and Splitshare, 2070
0.11115009740106795, 241, Dwelling, 2045
0.1110069648018601, 242, Population, 2077
0.1110069648018601, 242, Renovation Cycle, 2091
0.1110069648018601, 242, Energy Intensity, 2062
0.1110069648018601, 242, Typesplit and Splitshare, 2061
0.1110069648018601, 242, Dwelling, 2081
0.11075875466761942, 243, Population, 2038
0.11075875466761942, 243, Renovation Cycle, 2086
0.11075875466761942, 243, Energy Intensity, 2092
0.11075875466761942, 243, Typesplit and Splitshare, 2089
0.11075875466761942, 243, Dwelling, 2078
0.10801382616635714, 244, Population, 2079
0.10801382616635714, 244, Renovation Cycle, 2096
0.10801382616635714, 244, Energy Intensity, 2098
0.10801382616635714, 244, Typesplit and Splitshare, 2041
0.10801382616635714, 244, Dwelling, 2035
0.10768077717235135, 245, Population, 2070
0.10768077717235135, 245, Renovation Cycle, 2084
0.10768077717235135, 245, Energy Intensity, 2070
0.10768077717235135, 245, Typesplit and Splitshare, 2066
0.10768077717235135, 245, Dwelling, 2075
0.1073116681198761, 246, Population, 2035
0.1073116681198761, 246, Renovation Cycle, 2069
0.1073116681198761, 246, Energy Intensity, 2053
0.1073116681198761, 246, Typesplit and Splitshare, 2095
0.1073116681198761, 246, Dwelling, 2029
0.10680683365151222, 247, Population, 2098
0.10680683365151222, 247, Renovation Cycle, 2043
0.10680683365151222, 247, Energy Intensity, 2032
0.10680683365151222, 247, Typesplit and Splitshare, 2076
0.10680683365151222, 247, Dwelling, 2070
0.10641199983799765, 248, Population, 2057
0.10641199983799765, 248, Renovation Cycle, 2066
0.10641199983799765, 248, Energy Intensity, 2044
0.10641199983799765, 248, Typesplit and Splitshare, 2071
0.10641199983799765, 248, Dwelling, 2032
0.10538965787654338, 249, Population, 2062
0.10538965787654338, 249, Renovation Cycle, 2070
0.10538965787654338, 249, Energy Intensity, 2067
0.10538965787654338, 249, Typesplit and Splitshare, 2038
0.10538965787654338, 249, Dwelling, 2098
0.10381842954188078, 250, Population, 2094
0.10381842954188078, 250, Renovation Cycle, 2080
0.10381842954188078, 250, Energy Intensity, 2040
0.10381842954188078, 250, Typesplit and Splitshare, 2043
0.10381842954188078, 250, Dwelling, 2028
0.10321894775791891, 251, Population, 2039
0.10321894775791891, 251, Renovation Cycle, 2062
0.10321894775791891, 251, Energy Intensity, 2060
0.10321894775791891, 251, Typesplit and Splitshare, 2038
0.10321894775791891, 251, Dwelling, 2072
0.10299401036990802, 252, Population, 2085
0.10299401036990802, 252, Renovation Cycle, 2070
0.10299401036990802, 252, Energy Intensity, 2031
0.10299401036990802, 252, Typesplit and Splitshare, 2035
0.10299401036990802, 252, Dwelling, 2048
0.10229069133130292, 253, Population, 2087
0.10229069133130292, 253, Renovation Cycle, 2054
0.10229069133130292, 253, Energy Intensity, 2067
0.10229069133130292, 253, Typesplit and Splitshare, 2087
0.10229069133130292, 253, Dwelling, 2029
0.10136788913304824, 254, Population, 2046
0.10136788913304824, 254, Renovation Cycle, 2097
0.10136788913304824, 254, Energy Intensity, 2056
0.10136788913304824, 254, Typesplit and Splitshare, 2037
0.10136788913304824, 254, Dwelling, 2090
0.10108666988678933, 255, Population, 2041
0.10108666988678933, 255, Renovation Cycle, 2038
0.10108666988678933, 255, Energy Intensity, 2074
0.10108666988678933, 255, Typesplit and Splitshare, 2067
0.10108666988678933, 255, Dwelling, 2063
0.10088527405880728, 256, Population, 2081
0.10088527405880728, 256, Renovation Cycle, 2075
0.10088527405880728, 256, Energy Intensity, 2074
0.10088527405880728, 256, Typesplit and Splitshare, 2052
0.10088527405880728, 256, Dwelling, 2036
0.0999690145210028, 257, Population, 2070
0.0999690145210028, 257, Renovation Cycle, 2062
0.0999690145210028, 257, Energy Intensity, 2052
0.0999690145210028, 257, Typesplit and Splitshare, 2097
0.0999690145210028, 257, Dwelling, 2027
0.09953642802735944, 258, Population, 2067
0.09953642802735944, 258, Renovation Cycle, 2087
0.09953642802735944, 258, Energy Intensity, 2070
0.09953642802735944, 258, Typesplit and Splitshare, 2025
0.09953642802735944, 258, Dwelling, 2091
0.09874446515301652, 259, Population, 2066
0.09874446515301652, 259, Renovation Cycle, 2085
0.09874446515301652, 259, Energy Intensity, 2097
0.09874446515301652, 259, Typesplit and Splitshare, 2034
0.09874446515301652, 259, Dwelling, 2053
0.09865741475047407, 260, Population, 2042
0.09865741475047407, 260, Renovation Cycle, 2078
0.09865741475047407, 260, Energy Intensity, 2068
0.09865741475047407, 260, Typesplit and Splitshare, 2095
0.09865741475047407, 260, Dwelling, 2039
0.09857290175837374, 261, Population, 2052
0.09857290175837374, 261, Renovation Cycle, 2098
0.09857290175837374, 261, Energy Intensity, 2075
0.09857290175837374, 261, Typesplit and Splitshare, 2035
0.09857290175837374, 261, Dwelling, 2038
0.09753266163417633, 262, Population, 2092
0.09753266163417633, 262, Renovation Cycle, 2047
0.09753266163417633, 262, Energy Intensity, 2077
0.09753266163417633, 262, Typesplit and Splitshare, 2074
0.09753266163417633, 262, Dwelling, 2089
0.09642070965697734, 263, Population, 2044
0.09642070965697734, 263, Renovation Cycle, 2071
0.09642070965697734, 263, Energy Intensity, 2064
0.09642070965697734, 263, Typesplit and Splitshare, 2030
0.09642070965697734, 263, Dwelling, 2094
0.09554596404318531, 264, Population, 2072
0.09554596404318531, 264, Renovation Cycle, 2057
0.09554596404318531, 264, Energy Intensity, 2070
0.09554596404318531, 264, Typesplit and Splitshare, 2063
0.09554596404318531, 264, Dwelling, 2073
0.09498797459168087, 265, Population, 2038
0.09498797459168087, 265, Renovation Cycle, 2034
0.09498797459168087, 265, Energy Intensity, 2033
0.09498797459168087, 265, Typesplit and Splitshare, 2095
0.09498797459168087, 265, Dwelling, 2070
0.09495958187533769, 266, Population, 2044
0.09495958187533769, 266, Renovation Cycle, 2086
0.09495958187533769, 266, Energy Intensity, 2087
0.09495958187533769, 266, Typesplit and Splitshare, 2088
0.09495958187533769, 266, Dwelling, 2029
0.09486648361952489, 267, Population, 2055
0.09486648361952489, 267, Renovation Cycle, 2039
0.09486648361952489, 267, Energy Intensity, 2079
0.09486648361952489, 267, Typesplit and Splitshare, 2097
0.09486648361952489, 267, Dwelling, 2030
0.09484247474106534, 268, Population, 2041
0.09484247474106534, 268, Renovation Cycle, 2040
0.09484247474106534, 268, Energy Intensity, 2070
0.09484247474106534, 268, Typesplit and Splitshare, 2040
0.09484247474106534, 268, Dwelling, 2089
0.0934221289574632, 269, Population, 2066
0.0934221289574632, 269, Renovation Cycle, 2055
0.0934221289574632, 269, Energy Intensity, 2062
0.0934221289574632, 269, Typesplit and Splitshare, 2083
0.0934221289574632, 269, Dwelling, 2086
0.09280591659800771, 270, Population, 2070
0.09280591659800771, 270, Renovation Cycle, 2097
0.09280591659800771, 270, Energy Intensity, 2071
0.09280591659800771, 270, Typesplit and Splitshare, 2095
0.09280591659800771, 270, Dwelling, 2099
0.09259588334600631, 271, Population, 2040
0.09259588334600631, 271, Renovation Cycle, 2034
0.09259588334600631, 271, Energy Intensity, 2082
0.09259588334600631, 271, Typesplit and Splitshare, 2083
0.09259588334600631, 271, Dwelling, 2073
0.09219935711572429, 272, Population, 2052
0.09219935711572429, 272, Renovation Cycle, 2085
0.09219935711572429, 272, Energy Intensity, 2047
0.09219935711572429, 272, Typesplit and Splitshare, 2088
0.09219935711572429, 272, Dwelling, 2036
0.09186548790440899, 273, Population, 2090
0.09186548790440899, 273, Renovation Cycle, 2065
0.09186548790440899, 273, Energy Intensity, 2055
0.09186548790440899, 273, Typesplit and Splitshare, 2078
0.09186548790440899, 273, Dwelling, 2039
0.09176821498638922, 274, Population, 2071
0.09176821498638922, 274, Renovation Cycle, 2075
0.09176821498638922, 274, Energy Intensity, 2037
0.09176821498638922, 274, Typesplit and Splitshare, 2081
0.09176821498638922, 274, Dwelling, 2050
0.09089671167196046, 275, Population, 2025
0.09089671167196046, 275, Renovation Cycle, 2041
0.09089671167196046, 275, Energy Intensity, 2038
0.09089671167196046, 275, Typesplit and Splitshare, 2074
0.09089671167196046, 275, Dwelling, 2064
0.09051143491577111, 276, Population, 2054
0.09051143491577111, 276, Renovation Cycle, 2056
0.09051143491577111, 276, Energy Intensity, 2047
0.09051143491577111, 276, Typesplit and Splitshare, 2065
0.09051143491577111, 276, Dwelling, 2050
0.09008981565544652, 277, Population, 2055
0.09008981565544652, 277, Renovation Cycle, 2041
0.09008981565544652, 277, Energy Intensity, 2029
0.09008981565544652, 277, Typesplit and Splitshare, 2071
0.09008981565544652, 277, Dwelling, 2053
0.0899571117792635, 278, Population, 2025
0.0899571117792635, 278, Renovation Cycle, 2030
0.0899571117792635, 278, Energy Intensity, 2092
0.0899571117792635, 278, Typesplit and Splitshare, 2079
0.0899571117792635, 278, Dwelling, 2080
0.08992582949130759, 279, Population, 2067
0.08992582949130759, 279, Renovation Cycle, 2061
0.08992582949130759, 279, Energy Intensity, 2096
0.08992582949130759, 279, Typesplit and Splitshare, 2054
0.08992582949130759, 279, Dwelling, 2096
0.08924140320545601, 280, Population, 2025
0.08924140320545601, 280, Renovation Cycle, 2057
0.08924140320545601, 280, Energy Intensity, 2085
0.08924140320545601, 280, Typesplit and Splitshare, 2084
0.08924140320545601, 280, Dwelling, 2041
0.08849525140457595, 281, Population, 2088
0.08849525140457595, 281, Renovation Cycle, 2061
0.08849525140457595, 281, Energy Intensity, 2057
0.08849525140457595, 281, Typesplit and Splitshare, 2045
0.08849525140457595, 281, Dwelling, 2062
0.08847298497711338, 282, Population, 2036
0.08847298497711338, 282, Renovation Cycle, 2082
0.08847298497711338, 282, Energy Intensity, 2028
0.08847298497711338, 282, Typesplit and Splitshare, 2056
0.08847298497711338, 282, Dwelling, 2072
0.08806076081329114, 283, Population, 2075
0.08806076081329114, 283, Renovation Cycle, 2047
0.08806076081329114, 283, Energy Intensity, 2025
0.08806076081329114, 283, Typesplit and Splitshare, 2029
0.08806076081329114, 283, Dwelling, 2070
0.08806030661348731, 284, Population, 2051
0.08806030661348731, 284, Renovation Cycle, 2032
0.08806030661348731, 284, Energy Intensity, 2099
0.08806030661348731, 284, Typesplit and Splitshare, 2079
0.08806030661348731, 284, Dwelling, 2057
0.08794034963465082, 285, Population, 2075
0.08794034963465082, 285, Renovation Cycle, 2050
0.08794034963465082, 285, Energy Intensity, 2057
0.08794034963465082, 285, Typesplit and Splitshare, 2099
0.08794034963465082, 285, Dwelling, 2072
0.08746595672077039, 286, Population, 2092
0.08746595672077039, 286, Renovation Cycle, 2037
0.08746595672077039, 286, Energy Intensity, 2042
0.08746595672077039, 286, Typesplit and Splitshare, 2058
0.08746595672077039, 286, Dwelling, 2049
0.08742834031510015, 287, Population, 2078
0.08742834031510015, 287, Renovation Cycle, 2066
0.08742834031510015, 287, Energy Intensity, 2044
0.08742834031510015, 287, Typesplit and Splitshare, 2087
0.08742834031510015, 287, Dwelling, 2074
0.08707278521490397, 288, Population, 2086
0.08707278521490397, 288, Renovation Cycle, 2038
0.08707278521490397, 288, Energy Intensity, 2046
0.08707278521490397, 288, Typesplit and Splitshare, 2040
0.08707278521490397, 288, Dwelling, 2096
0.08702351597038639, 289, Population, 2048
0.08702351597038639, 289, Renovation Cycle, 2029
0.08702351597038639, 289, Energy Intensity, 2078
0.08702351597038639, 289, Typesplit and Splitshare, 2047
0.08702351597038639, 289, Dwelling, 2040
0.08688133391018872, 290, Population, 2063
0.08688133391018872, 290, Renovation Cycle, 2037
0.08688133391018872, 290, Energy Intensity, 2074
0.08688133391018872, 290, Typesplit and Splitshare, 2062
0.08688133391018872, 290, Dwelling, 2035
0.08678901872649081, 291, Population, 2075
0.08678901872649081, 291, Renovation Cycle, 2069
0.08678901872649081, 291, Energy Intensity, 2094
0.08678901872649081, 291, Typesplit and Splitshare, 2030
0.08678901872649081, 291, Dwelling, 2074
0.08647340506208938, 292, Population, 2063
0.08647340506208938, 292, Renovation Cycle, 2063
0.08647340506208938, 292, Energy Intensity, 2075
0.08647340506208938, 292, Typesplit and Splitshare, 2045
0.08647340506208938, 292, Dwelling, 2072
0.08345685729767417, 293, Population, 2033
0.08345685729767417, 293, Renovation Cycle, 2056
0.08345685729767417, 293, Energy Intensity, 2061
0.08345685729767417, 293, Typesplit and Splitshare, 2036
0.08345685729767417, 293, Dwelling, 2099
0.08301064379901374, 294, Population, 2072
0.08301064379901374, 294, Renovation Cycle, 2025
0.08301064379901374, 294, Energy Intensity, 2062
0.08301064379901374, 294, Typesplit and Splitshare, 2077
0.08301064379901374, 294, Dwelling, 2080
0.08266712442487725, 295, Population, 2048
0.08266712442487725, 295, Renovation Cycle, 2048
0.08266712442487725, 295, Energy Intensity, 2044
0.08266712442487725, 295, Typesplit and Splitshare, 2081
0.08266712442487725, 295, Dwelling, 2071
0.08227283772868639, 296, Population, 2070
0.08227283772868639, 296, Renovation Cycle, 2082
0.08227283772868639, 296, Energy Intensity, 2048
0.08227283772868639, 296, Typesplit and Splitshare, 2049
0.08227283772868639, 296, Dwelling, 2029
0.08192538102291394, 297, Population, 2047
0.08192538102291394, 297, Renovation Cycle, 2033
0.08192538102291394, 297, Energy Intensity, 2031
0.08192538102291394, 297, Typesplit and Splitshare, 2029
0.08192538102291394, 297, Dwelling, 2092
0.08170922619181951, 298, Population, 2044
0.08170922619181951, 298, Renovation Cycle, 2036
0.08170922619181951, 298, Energy Intensity, 2025
0.08170922619181951, 298, Typesplit and Splitshare, 2060
0.08170922619181951, 298, Dwelling, 2034
0.0803623985817501, 299, Population, 2045
0.0803623985817501, 299, Renovation Cycle, 2050
0.0803623985817501, 299, Energy Intensity, 2044
0.0803623985817501, 299, Typesplit and Splitshare, 2040
0.0803623985817501, 299, Dwelling, 2074
0.08031510753152782, 300, Population, 2090
0.08031510753152782, 300, Renovation Cycle, 2046
0.08031510753152782, 300, Energy Intensity, 2097
0.08031510753152782, 300, Typesplit and Splitshare, 2092
0.08031510753152782, 300, Dwelling, 2051
0.07947612757895865, 301, Population, 2098
0.07947612757895865, 301, Renovation Cycle, 2067
0.07947612757895865, 301, Energy Intensity, 2060
0.07947612757895865, 301, Typesplit and Splitshare, 2026
0.07947612757895865, 301, Dwelling, 2026
0.07928127470211377, 302, Population, 2059
0.07928127470211377, 302, Renovation Cycle, 2035
0.07928127470211377, 302, Energy Intensity, 2066
0.07928127470211377, 302, Typesplit and Splitshare, 2056
0.07928127470211377, 302, Dwelling, 2044
0.07822995239080338, 303, Population, 2090
0.07822995239080338, 303, Renovation Cycle, 2073
0.07822995239080338, 303, Energy Intensity, 2073
0.07822995239080338, 303, Typesplit and Splitshare, 2092
0.07822995239080338, 303, Dwelling, 2087
0.07789187948029783, 304, Population, 2085
0.07789187948029783, 304, Renovation Cycle, 2047
0.07789187948029783, 304, Energy Intensity, 2062
0.07789187948029783, 304, Typesplit and Splitshare, 2042
0.07789187948029783, 304, Dwelling, 2048
0.07760751752076445, 305, Population, 2025
0.07760751752076445, 305, Renovation Cycle, 2079
0.07760751752076445, 305, Energy Intensity, 2048
0.07760751752076445, 305, Typesplit and Splitshare, 2028
0.07760751752076445, 305, Dwelling, 2039
0.07646347323292316, 306, Population, 2074
0.07646347323292316, 306, Renovation Cycle, 2074
0.07646347323292316, 306, Energy Intensity, 2040
0.07646347323292316, 306, Typesplit and Splitshare, 2031
0.07646347323292316, 306, Dwelling, 2039
0.07314548844678728, 307, Population, 2039
0.07314548844678728, 307, Renovation Cycle, 2049
0.07314548844678728, 307, Energy Intensity, 2053
0.07314548844678728, 307, Typesplit and Splitshare, 2026
0.07314548844678728, 307, Dwelling, 2029
0.07299411439511493, 308, Population, 2063
0.07299411439511493, 308, Renovation Cycle, 2060
0.07299411439511493, 308, Energy Intensity, 2030
0.07299411439511493, 308, Typesplit and Splitshare, 2072
0.07299411439511493, 308, Dwelling, 2092
0.07171006230602395, 309, Population, 2060
0.07171006230602395, 309, Renovation Cycle, 2076
0.07171006230602395, 309, Energy Intensity, 2085
0.07171006230602395, 309, Typesplit and Splitshare, 2064
0.07171006230602395, 309, Dwelling, 2055
0.0715554500326568, 310, Population, 2085
0.0715554500326568, 310, Renovation Cycle, 2099
0.0715554500326568, 310, Energy Intensity, 2026
0.0715554500326568, 310, Typesplit and Splitshare, 2068
0.0715554500326568, 310, Dwelling, 2045
0.07125331712446326, 311, Population, 2035
0.07125331712446326, 311, Renovation Cycle, 2090
0.07125331712446326, 311, Energy Intensity, 2063
0.07125331712446326, 311, Typesplit and Splitshare, 2073
0.07125331712446326, 311, Dwelling, 2091
0.06994684091601269, 312, Population, 2091
0.06994684091601269, 312, Renovation Cycle, 2071
0.06994684091601269, 312, Energy Intensity, 2030
0.06994684091601269, 312, Typesplit and Splitshare, 2071
0.06994684091601269, 312, Dwelling, 2047
0.06788924495759284, 313, Population, 2033
0.06788924495759284, 313, Renovation Cycle, 2037
0.06788924495759284, 313, Energy Intensity, 2055
0.06788924495759284, 313, Typesplit and Splitshare, 2089
0.06788924495759284, 313, Dwelling, 2070
0.06692269040874031, 314, Population, 2086
0.06692269040874031, 314, Renovation Cycle, 2029
0.06692269040874031, 314, Energy Intensity, 2046
0.06692269040874031, 314, Typesplit and Splitshare, 2096
0.06692269040874031, 314, Dwelling, 2052
0.06681340309559836, 315, Population, 2095
0.06681340309559836, 315, Renovation Cycle, 2081
0.06681340309559836, 315, Energy Intensity, 2032
0.06681340309559836, 315, Typesplit and Splitshare, 2073
0.06681340309559836, 315, Dwelling, 2086
0.06624084322404779, 316, Population, 2050
0.06624084322404779, 316, Renovation Cycle, 2050
0.06624084322404779, 316, Energy Intensity, 2090
0.06624084322404779, 316, Typesplit and Splitshare, 2059
0.06624084322404779, 316, Dwelling, 2057
0.06517779066965715, 317, Population, 2070
0.06517779066965715, 317, Renovation Cycle, 2035
0.06517779066965715, 317, Energy Intensity, 2067
0.06517779066965715, 317, Typesplit and Splitshare, 2053
0.06517779066965715, 317, Dwelling, 2054
0.06452807743204453, 318, Population, 2085
0.06452807743204453, 318, Renovation Cycle, 2039
0.06452807743204453, 318, Energy Intensity, 2071
0.06452807743204453, 318, Typesplit and Splitshare, 2096
0.06452807743204453, 318, Dwelling, 2066
0.06364535491430129, 319, Population, 2090
0.06364535491430129, 319, Renovation Cycle, 2046
0.06364535491430129, 319, Energy Intensity, 2031
0.06364535491430129, 319, Typesplit and Splitshare, 2059
0.06364535491430129, 319, Dwelling, 2056
0.06281839982851799, 320, Population, 2036
0.06281839982851799, 320, Renovation Cycle, 2065
0.06281839982851799, 320, Energy Intensity, 2081
0.06281839982851799, 320, Typesplit and Splitshare, 2099
0.06281839982851799, 320, Dwelling, 2090
0.06237251310155935, 321, Population, 2085
0.06237251310155935, 321, Renovation Cycle, 2029
0.06237251310155935, 321, Energy Intensity, 2052
0.06237251310155935, 321, Typesplit and Splitshare, 2043
0.06237251310155935, 321, Dwelling, 2072
0.06210938204370249, 322, Population, 2069
0.06210938204370249, 322, Renovation Cycle, 2052
0.06210938204370249, 322, Energy Intensity, 2043
0.06210938204370249, 322, Typesplit and Splitshare, 2087
0.06210938204370249, 322, Dwelling, 2061
0.061699420445947985, 323, Population, 2093
0.061699420445947985, 323, Renovation Cycle, 2058
0.061699420445947985, 323, Energy Intensity, 2094
0.061699420445947985, 323, Typesplit and Splitshare, 2091
0.061699420445947985, 323, Dwelling, 2039
0.06148803446788985, 324, Population, 2058
0.06148803446788985, 324, Renovation Cycle, 2092
0.06148803446788985, 324, Energy Intensity, 2096
0.06148803446788985, 324, Typesplit and Splitshare, 2025
0.06148803446788985, 324, Dwelling, 2057
0.06138198163464984, 325, Population, 2034
0.06138198163464984, 325, Renovation Cycle, 2064
0.06138198163464984, 325, Energy Intensity, 2038
0.06138198163464984, 325, Typesplit and Splitshare, 2042
0.06138198163464984, 325, Dwelling, 2062
0.06136590665301706, 326, Population, 2095
0.06136590665301706, 326, Renovation Cycle, 2037
0.06136590665301706, 326, Energy Intensity, 2078
0.06136590665301706, 326, Typesplit and Splitshare, 2085
0.06136590665301706, 326, Dwelling, 2072
0.06109399198587686, 327, Population, 2051
0.06109399198587686, 327, Renovation Cycle, 2097
0.06109399198587686, 327, Energy Intensity, 2062
0.06109399198587686, 327, Typesplit and Splitshare, 2088
0.06109399198587686, 327, Dwelling, 2077
0.0609802462720432, 328, Population, 2031
0.0609802462720432, 328, Renovation Cycle, 2054
0.0609802462720432, 328, Energy Intensity, 2047
0.0609802462720432, 328, Typesplit and Splitshare, 2025
0.0609802462720432, 328, Dwelling, 2054
0.06065475809975659, 329, Population, 2060
0.06065475809975659, 329, Renovation Cycle, 2061
0.06065475809975659, 329, Energy Intensity, 2028
0.06065475809975659, 329, Typesplit and Splitshare, 2094
0.06065475809975659, 329, Dwelling, 2076
0.05991893008499406, 330, Population, 2077
0.05991893008499406, 330, Renovation Cycle, 2034
0.05991893008499406, 330, Energy Intensity, 2059
0.05991893008499406, 330, Typesplit and Splitshare, 2096
0.05991893008499406, 330, Dwelling, 2032
0.059726967344709156, 331, Population, 2061
0.059726967344709156, 331, Renovation Cycle, 2083
0.059726967344709156, 331, Energy Intensity, 2049
0.059726967344709156, 331, Typesplit and Splitshare, 2027
0.059726967344709156, 331, Dwelling, 2028
0.0590562310373118, 332, Population, 2039
0.0590562310373118, 332, Renovation Cycle, 2082
0.0590562310373118, 332, Energy Intensity, 2056
0.0590562310373118, 332, Typesplit and Splitshare, 2092
0.0590562310373118, 332, Dwelling, 2066
0.058519568586926786, 333, Population, 2092
0.058519568586926786, 333, Renovation Cycle, 2036
0.058519568586926786, 333, Energy Intensity, 2065
0.058519568586926786, 333, Typesplit and Splitshare, 2039
0.058519568586926786, 333, Dwelling, 2087
0.05834884793107621, 334, Population, 2064
0.05834884793107621, 334, Renovation Cycle, 2083
0.05834884793107621, 334, Energy Intensity, 2080
0.05834884793107621, 334, Typesplit and Splitshare, 2086
0.05834884793107621, 334, Dwelling, 2059
0.05834443128698744, 335, Population, 2041
0.05834443128698744, 335, Renovation Cycle, 2055
0.05834443128698744, 335, Energy Intensity, 2093
0.05834443128698744, 335, Typesplit and Splitshare, 2058
0.05834443128698744, 335, Dwelling, 2094
0.0579859038654606, 336, Population, 2061
0.0579859038654606, 336, Renovation Cycle, 2054
0.0579859038654606, 336, Energy Intensity, 2054
0.0579859038654606, 336, Typesplit and Splitshare, 2075
0.0579859038654606, 336, Dwelling, 2030
0.05718847948231793, 337, Population, 2037
0.05718847948231793, 337, Renovation Cycle, 2092
0.05718847948231793, 337, Energy Intensity, 2082
0.05718847948231793, 337, Typesplit and Splitshare, 2060
0.05718847948231793, 337, Dwelling, 2046
0.056242688030250614, 338, Population, 2085
0.056242688030250614, 338, Renovation Cycle, 2075
0.056242688030250614, 338, Energy Intensity, 2067
0.056242688030250614, 338, Typesplit and Splitshare, 2026
0.056242688030250614, 338, Dwelling, 2035
0.05610787868420953, 339, Population, 2030
0.05610787868420953, 339, Renovation Cycle, 2076
0.05610787868420953, 339, Energy Intensity, 2053
0.05610787868420953, 339, Typesplit and Splitshare, 2053
0.05610787868420953, 339, Dwelling, 2095
0.05470536260777995, 340, Population, 2028
0.05470536260777995, 340, Renovation Cycle, 2025
0.05470536260777995, 340, Energy Intensity, 2076
0.05470536260777995, 340, Typesplit and Splitshare, 2030
0.05470536260777995, 340, Dwelling, 2098
0.05368786431874975, 341, Population, 2031
0.05368786431874975, 341, Renovation Cycle, 2050
0.05368786431874975, 341, Energy Intensity, 2028
0.05368786431874975, 341, Typesplit and Splitshare, 2081
0.05368786431874975, 341, Dwelling, 2037
0.05307908493387176, 342, Population, 2048
0.05307908493387176, 342, Renovation Cycle, 2032
0.05307908493387176, 342, Energy Intensity, 2085
0.05307908493387176, 342, Typesplit and Splitshare, 2038
0.05307908493387176, 342, Dwelling, 2068
0.0524541560916199, 343, Population, 2091
0.0524541560916199, 343, Renovation Cycle, 2082
0.0524541560916199, 343, Energy Intensity, 2069
0.0524541560916199, 343, Typesplit and Splitshare, 2066
0.0524541560916199, 343, Dwelling, 2064
0.05235130212288597, 344, Population, 2093
0.05235130212288597, 344, Renovation Cycle, 2047
0.05235130212288597, 344, Energy Intensity, 2059
0.05235130212288597, 344, Typesplit and Splitshare, 2043
0.05235130212288597, 344, Dwelling, 2095
0.052089469391469224, 345, Population, 2080
0.052089469391469224, 345, Renovation Cycle, 2038
0.052089469391469224, 345, Energy Intensity, 2040
0.052089469391469224, 345, Typesplit and Splitshare, 2075
0.052089469391469224, 345, Dwelling, 2038
0.05169331476583753, 346, Population, 2087
0.05169331476583753, 346, Renovation Cycle, 2073
0.05169331476583753, 346, Energy Intensity, 2027
0.05169331476583753, 346, Typesplit and Splitshare, 2041
0.05169331476583753, 346, Dwelling, 2089
0.05046736015687691, 347, Population, 2034
0.05046736015687691, 347, Renovation Cycle, 2067
0.05046736015687691, 347, Energy Intensity, 2026
0.05046736015687691, 347, Typesplit and Splitshare, 2083
0.05046736015687691, 347, Dwelling, 2068
0.04955816587413207, 348, Population, 2089
0.04955816587413207, 348, Renovation Cycle, 2043
0.04955816587413207, 348, Energy Intensity, 2049
0.04955816587413207, 348, Typesplit and Splitshare, 2059
0.04955816587413207, 348, Dwelling, 2068
0.049110350127454905, 349, Population, 2043
0.049110350127454905, 349, Renovation Cycle, 2077
0.049110350127454905, 349, Energy Intensity, 2073
0.049110350127454905, 349, Typesplit and Splitshare, 2097
0.049110350127454905, 349, Dwelling, 2058
0.04853143113152863, 350, Population, 2073
0.04853143113152863, 350, Renovation Cycle, 2034
0.04853143113152863, 350, Energy Intensity, 2026
0.04853143113152863, 350, Typesplit and Splitshare, 2031
0.04853143113152863, 350, Dwelling, 2072
0.04808612823986623, 351, Population, 2045
0.04808612823986623, 351, Renovation Cycle, 2049
0.04808612823986623, 351, Energy Intensity, 2093
0.04808612823986623, 351, Typesplit and Splitshare, 2042
0.04808612823986623, 351, Dwelling, 2096
0.04802021380007717, 352, Population, 2050
0.04802021380007717, 352, Renovation Cycle, 2049
0.04802021380007717, 352, Energy Intensity, 2045
0.04802021380007717, 352, Typesplit and Splitshare, 2078
0.04802021380007717, 352, Dwelling, 2059
0.04777042674341639, 353, Population, 2072
0.04777042674341639, 353, Renovation Cycle, 2066
0.04777042674341639, 353, Energy Intensity, 2027
0.04777042674341639, 353, Typesplit and Splitshare, 2034
0.04777042674341639, 353, Dwelling, 2083
0.047754194586833415, 354, Population, 2027
0.047754194586833415, 354, Renovation Cycle, 2099
0.047754194586833415, 354, Energy Intensity, 2080
0.047754194586833415, 354, Typesplit and Splitshare, 2067
0.047754194586833415, 354, Dwelling, 2025
0.0474434226550019, 355, Population, 2061
0.0474434226550019, 355, Renovation Cycle, 2054
0.0474434226550019, 355, Energy Intensity, 2034
0.0474434226550019, 355, Typesplit and Splitshare, 2035
0.0474434226550019, 355, Dwelling, 2053
0.04658505579128941, 356, Population, 2096
0.04658505579128941, 356, Renovation Cycle, 2073
0.04658505579128941, 356, Energy Intensity, 2065
0.04658505579128941, 356, Typesplit and Splitshare, 2030
0.04658505579128941, 356, Dwelling, 2075
0.04616118717586559, 357, Population, 2073
0.04616118717586559, 357, Renovation Cycle, 2052
0.04616118717586559, 357, Energy Intensity, 2095
0.04616118717586559, 357, Typesplit and Splitshare, 2035
0.04616118717586559, 357, Dwelling, 2094
0.04603370384502693, 358, Population, 2061
0.04603370384502693, 358, Renovation Cycle, 2058
0.04603370384502693, 358, Energy Intensity, 2071
0.04603370384502693, 358, Typesplit and Splitshare, 2086
0.04603370384502693, 358, Dwelling, 2027
0.045482267174243786, 359, Population, 2028
0.045482267174243786, 359, Renovation Cycle, 2095
0.045482267174243786, 359, Energy Intensity, 2033
0.045482267174243786, 359, Typesplit and Splitshare, 2048
0.045482267174243786, 359, Dwelling, 2037
0.04453066562622727, 360, Population, 2081
0.04453066562622727, 360, Renovation Cycle, 2065
0.04453066562622727, 360, Energy Intensity, 2094
0.04453066562622727, 360, Typesplit and Splitshare, 2053
0.04453066562622727, 360, Dwelling, 2058
0.04251627379205093, 361, Population, 2041
0.04251627379205093, 361, Renovation Cycle, 2085
0.04251627379205093, 361, Energy Intensity, 2050
0.04251627379205093, 361, Typesplit and Splitshare, 2029
0.04251627379205093, 361, Dwelling, 2065
0.04187919125586394, 362, Population, 2074
0.04187919125586394, 362, Renovation Cycle, 2062
0.04187919125586394, 362, Energy Intensity, 2083
0.04187919125586394, 362, Typesplit and Splitshare, 2058
0.04187919125586394, 362, Dwelling, 2062
0.041800391546875794, 363, Population, 2091
0.041800391546875794, 363, Renovation Cycle, 2091
0.041800391546875794, 363, Energy Intensity, 2076
0.041800391546875794, 363, Typesplit and Splitshare, 2094
0.041800391546875794, 363, Dwelling, 2089
0.04161783292398472, 364, Population, 2030
0.04161783292398472, 364, Renovation Cycle, 2061
0.04161783292398472, 364, Energy Intensity, 2061
0.04161783292398472, 364, Typesplit and Splitshare, 2045
0.04161783292398472, 364, Dwelling, 2081
0.04146838694328963, 365, Population, 2048
0.04146838694328963, 365, Renovation Cycle, 2053
0.04146838694328963, 365, Energy Intensity, 2075
0.04146838694328963, 365, Typesplit and Splitshare, 2041
0.04146838694328963, 365, Dwelling, 2029
0.04141442417678628, 366, Population, 2083
0.04141442417678628, 366, Renovation Cycle, 2047
0.04141442417678628, 366, Energy Intensity, 2036
0.04141442417678628, 366, Typesplit and Splitshare, 2073
0.04141442417678628, 366, Dwelling, 2031
0.041194451864499985, 367, Population, 2088
0.041194451864499985, 367, Renovation Cycle, 2080
0.041194451864499985, 367, Energy Intensity, 2075
0.041194451864499985, 367, Typesplit and Splitshare, 2073
0.041194451864499985, 367, Dwelling, 2054
0.040592733426746186, 368, Population, 2041
0.040592733426746186, 368, Renovation Cycle, 2091
0.040592733426746186, 368, Energy Intensity, 2073
0.040592733426746186, 368, Typesplit and Splitshare, 2087
0.040592733426746186, 368, Dwelling, 2085
0.04014345311636775, 369, Population, 2030
0.04014345311636775, 369, Renovation Cycle, 2059
0.04014345311636775, 369, Energy Intensity, 2093
0.04014345311636775, 369, Typesplit and Splitshare, 2057
0.04014345311636775, 369, Dwelling, 2038
0.03971651772129608, 370, Population, 2074
0.03971651772129608, 370, Renovation Cycle, 2038
0.03971651772129608, 370, Energy Intensity, 2072
0.03971651772129608, 370, Typesplit and Splitshare, 2090
0.03971651772129608, 370, Dwelling, 2096
0.03890905612957284, 371, Population, 2098
0.03890905612957284, 371, Renovation Cycle, 2027
0.03890905612957284, 371, Energy Intensity, 2084
0.03890905612957284, 371, Typesplit and Splitshare, 2095
0.03890905612957284, 371, Dwelling, 2090
0.038513452206401656, 372, Population, 2068
0.038513452206401656, 372, Renovation Cycle, 2084
0.038513452206401656, 372, Energy Intensity, 2060
0.038513452206401656, 372, Typesplit and Splitshare, 2092
0.038513452206401656, 372, Dwelling, 2054
0.03763036693182097, 373, Population, 2091
0.03763036693182097, 373, Renovation Cycle, 2086
0.03763036693182097, 373, Energy Intensity, 2071
0.03763036693182097, 373, Typesplit and Splitshare, 2099
0.03763036693182097, 373, Dwelling, 2052
0.03655700747799528, 374, Population, 2031
0.03655700747799528, 374, Renovation Cycle, 2077
0.03655700747799528, 374, Energy Intensity, 2080
0.03655700747799528, 374, Typesplit and Splitshare, 2062
0.03655700747799528, 374, Dwelling, 2086
0.036144783078406226, 375, Population, 2080
0.036144783078406226, 375, Renovation Cycle, 2093
0.036144783078406226, 375, Energy Intensity, 2091
0.036144783078406226, 375, Typesplit and Splitshare, 2093
0.036144783078406226, 375, Dwelling, 2050
0.03604452301416958, 376, Population, 2086
0.03604452301416958, 376, Renovation Cycle, 2027
0.03604452301416958, 376, Energy Intensity, 2084
0.03604452301416958, 376, Typesplit and Splitshare, 2072
0.03604452301416958, 376, Dwelling, 2073
0.03597213912721654, 377, Population, 2073
0.03597213912721654, 377, Renovation Cycle, 2083
0.03597213912721654, 377, Energy Intensity, 2037
0.03597213912721654, 377, Typesplit and Splitshare, 2035
0.03597213912721654, 377, Dwelling, 2035
0.03544931573075175, 378, Population, 2044
0.03544931573075175, 378, Renovation Cycle, 2061
0.03544931573075175, 378, Energy Intensity, 2068
0.03544931573075175, 378, Typesplit and Splitshare, 2051
0.03544931573075175, 378, Dwelling, 2038
0.035109030736339135, 379, Population, 2055
0.035109030736339135, 379, Renovation Cycle, 2097
0.035109030736339135, 379, Energy Intensity, 2066
0.035109030736339135, 379, Typesplit and Splitshare, 2085
0.035109030736339135, 379, Dwelling, 2026
0.03500882151753161, 380, Population, 2075
0.03500882151753161, 380, Renovation Cycle, 2063
0.03500882151753161, 380, Energy Intensity, 2088
0.03500882151753161, 380, Typesplit and Splitshare, 2088
0.03500882151753161, 380, Dwelling, 2026
0.03467340345109343, 381, Population, 2039
0.03467340345109343, 381, Renovation Cycle, 2045
0.03467340345109343, 381, Energy Intensity, 2085
0.03467340345109343, 381, Typesplit and Splitshare, 2087
0.03467340345109343, 381, Dwelling, 2086
0.03443589256183335, 382, Population, 2078
0.03443589256183335, 382, Renovation Cycle, 2087
0.03443589256183335, 382, Energy Intensity, 2073
0.03443589256183335, 382, Typesplit and Splitshare, 2060
0.03443589256183335, 382, Dwelling, 2030
0.03427646998995488, 383, Population, 2048
0.03427646998995488, 383, Renovation Cycle, 2065
0.03427646998995488, 383, Energy Intensity, 2060
0.03427646998995488, 383, Typesplit and Splitshare, 2040
0.03427646998995488, 383, Dwelling, 2054
0.034204490291779556, 384, Population, 2042
0.034204490291779556, 384, Renovation Cycle, 2048
0.034204490291779556, 384, Energy Intensity, 2069
0.034204490291779556, 384, Typesplit and Splitshare, 2046
0.034204490291779556, 384, Dwelling, 2061
0.03402523085203983, 385, Population, 2049
0.03402523085203983, 385, Renovation Cycle, 2048
0.03402523085203983, 385, Energy Intensity, 2049
0.03402523085203983, 385, Typesplit and Splitshare, 2070
0.03402523085203983, 385, Dwelling, 2027
0.03362954157916943, 386, Population, 2056
0.03362954157916943, 386, Renovation Cycle, 2042
0.03362954157916943, 386, Energy Intensity, 2050
0.03362954157916943, 386, Typesplit and Splitshare, 2049
0.03362954157916943, 386, Dwelling, 2078
0.03337313185627298, 387, Population, 2031
0.03337313185627298, 387, Renovation Cycle, 2029
0.03337313185627298, 387, Energy Intensity, 2049
0.03337313185627298, 387, Typesplit and Splitshare, 2040
0.03337313185627298, 387, Dwelling, 2039
0.032409731950227394, 388, Population, 2081
0.032409731950227394, 388, Renovation Cycle, 2057
0.032409731950227394, 388, Energy Intensity, 2058
0.032409731950227394, 388, Typesplit and Splitshare, 2066
0.032409731950227394, 388, Dwelling, 2080
0.03231232862689767, 389, Population, 2071
0.03231232862689767, 389, Renovation Cycle, 2060
0.03231232862689767, 389, Energy Intensity, 2040
0.03231232862689767, 389, Typesplit and Splitshare, 2037
0.03231232862689767, 389, Dwelling, 2052
0, 390, Population, 2099
0, 390, Renovation Cycle, 2081
0, 390, Energy Intensity, 2095
0, 390, Typesplit and Splitshare, 2026
0, 390, Dwelling, 2063
0, 391, Population, 2099
0, 391, Renovation Cycle, 2045
0, 391, Energy Intensity, 2075
0, 391, Typesplit and Splitshare, 2096
0, 391, Dwelling, 2044
0, 392, Population, 2099
0, 392, Renovation Cycle, 2036
0, 392, Energy Intensity, 2076
0, 392, Typesplit and Splitshare, 2088
0, 392, Dwelling, 2076
0, 393, Population, 2099
0, 393, Renovation Cycle, 2075
0, 393, Energy Intensity, 2080
0, 393, Typesplit and Splitshare, 2072
0, 393, Dwelling, 2074
0, 394, Population, 2099
0, 394, Renovation Cycle, 2039
0, 394, Energy Intensity, 2057
0, 394, Typesplit and Splitshare, 2060
0, 394, Dwelling, 2063
0, 395, Population, 2099
0, 395, Renovation Cycle, 2046
0, 395, Energy Intensity, 2039
0, 395, Typesplit and Splitshare, 2063
0, 395, Dwelling, 2034
0, 396, Population, 2099
0, 396, Renovation Cycle, 2047
0, 396, Energy Intensity, 2056
0, 396, Typesplit and Splitshare, 2047
0, 396, Dwelling, 2098
0, 397, Population, 2099
0, 397, Renovation Cycle, 2045
0, 397, Energy Intensity, 2080
0, 397, Typesplit and Splitshare, 2034
0, 397, Dwelling, 2051
0, 398, Population, 2099
0, 398, Renovation Cycle, 2077
0, 398, Energy Intensity, 2051
0, 398, Typesplit and Splitshare, 2078
0, 398, Dwelling, 2070
0, 399, Population, 2099
0, 399, Renovation Cycle, 2061
0, 399, Energy Intensity, 2066
0, 399, Typesplit and Splitshare, 2026
0, 399, Dwelling, 2054